# id,ts,x,y,gx,gy
6.000000,0.566667,6.911792,1.000393,-2.801577,-0.145585
-1.000000,0.566667,-1.553736,-0.094753,6.244879,0.879698
6.000000,0.583333,6.911815,1.000222,-2.801577,-0.145585
-1.000000,0.583333,-1.553732,-0.094756,6.244879,0.879698
6.000000,0.600000,6.911841,1.000039,-2.801577,-0.145585
-1.000000,0.600000,-1.553728,-0.094759,6.244879,0.879698
6.000000,0.616667,6.911872,0.999844,-2.801577,-0.145585
-1.000000,0.616667,-1.553724,-0.094763,6.244879,0.879698
6.000000,0.633333,6.911907,0.999639,-2.801577,-0.145585
-1.000000,0.633333,-1.553720,-0.094767,6.244879,0.879698
6.000000,0.650000,6.911947,0.999422,-2.801577,-0.145585
-1.000000,0.650000,-1.553716,-0.094771,6.244879,0.879698
6.000000,0.666667,6.911992,0.999195,-2.801577,-0.145585
-1.000000,0.666667,-1.553712,-0.094775,6.244879,0.879698
6.000000,0.683333,6.912043,0.998958,-2.801577,-0.145585
-1.000000,0.683333,-1.553708,-0.094779,6.244879,0.879698
6.000000,0.700000,6.912099,0.998711,-2.801577,-0.145585
-1.000000,0.700000,-1.553704,-0.094783,6.244879,0.879698
6.000000,0.716667,6.912162,0.998456,-2.801577,-0.145585
-1.000000,0.716667,-1.553700,-0.094788,6.244879,0.879698
6.000000,0.733333,6.912230,0.998192,-2.801577,-0.145585
-1.000000,0.733333,-1.553696,-0.094793,6.244879,0.879698
6.000000,0.750000,6.912304,0.997920,-2.801577,-0.145585
-1.000000,0.750000,-1.553692,-0.094798,6.244879,0.879698
6.000000,0.766667,6.912384,0.997640,-2.801577,-0.145585
-1.000000,0.766667,-1.553688,-0.094802,6.244879,0.879698
6.000000,0.783333,6.912470,0.997353,-2.801577,-0.145585
-1.000000,0.783333,-1.553685,-0.094806,6.244879,0.879698
6.000000,0.800000,6.912563,0.997059,-2.801577,-0.145585
-1.000000,0.800000,-1.553681,-0.094809,6.244879,0.879698
6.000000,0.816667,6.912662,0.996759,-2.801577,-0.145585
-1.000000,0.816667,-1.553678,-0.094813,6.244879,0.879698
6.000000,0.833333,6.912766,0.996453,-2.801577,-0.145585
-1.000000,0.833333,-1.553675,-0.094816,6.244879,0.879698
6.000000,0.850000,6.912876,0.996141,-2.801577,-0.145585
-1.000000,0.850000,-1.553672,-0.094819,6.244879,0.879698
6.000000,0.866667,6.912993,0.995823,-2.801577,-0.145585
-1.000000,0.866667,-1.553668,-0.094822,6.244879,0.879698
6.000000,0.883333,6.913114,0.995500,-2.801577,-0.145585
-1.000000,0.883333,-1.553665,-0.094825,6.244879,0.879698
6.000000,0.900000,6.913241,0.995172,-2.801577,-0.145585
-1.000000,0.900000,-1.553661,-0.094829,6.244879,0.879698
6.000000,0.916667,6.913373,0.994839,-2.801577,-0.145585
-1.000000,0.916667,-1.553657,-0.094832,6.244879,0.879698
6.000000,0.933333,6.913511,0.994500,-2.801577,-0.145585
-1.000000,0.933333,-1.553654,-0.094836,6.244879,0.879698
6.000000,0.950000,6.913652,0.994157,-2.801577,-0.145585
-1.000000,0.950000,-1.553650,-0.094840,6.244879,0.879698
6.000000,0.966667,6.913798,0.993810,-2.801577,-0.145585
-1.000000,0.966667,-1.553646,-0.094844,6.244879,0.879698
6.000000,0.983333,6.913949,0.993458,-2.801577,-0.145585
-1.000000,0.983333,-1.553643,-0.094848,6.244879,0.879698
6.000000,1.000000,6.914104,0.993103,-2.801577,-0.145585
-1.000000,1.000000,-1.553639,-0.094852,6.244879,0.879698
6.000000,1.016667,6.914262,0.992744,-2.801577,-0.145585
-1.000000,1.016667,-1.553635,-0.094857,6.244879,0.879698
6.000000,1.033333,6.914425,0.992382,-2.801577,-0.145585
-1.000000,1.033333,-1.553631,-0.094861,6.244879,0.879698
6.000000,1.050000,6.914592,0.992017,-2.801577,-0.145585
-1.000000,1.050000,-1.553627,-0.094865,6.244879,0.879698
6.000000,1.066667,6.914763,0.991650,-2.801577,-0.145585
-1.000000,1.066667,-1.553624,-0.094870,6.244879,0.879698
6.000000,1.083333,6.914938,0.991282,-2.801577,-0.145585
-1.000000,1.083333,-1.553620,-0.094874,6.244879,0.879698
6.000000,1.100000,6.915118,0.990911,-2.801577,-0.145585
-1.000000,1.100000,-1.553616,-0.094879,6.244879,0.879698
6.000000,1.116667,6.915302,0.990540,-2.801577,-0.145585
-1.000000,1.116667,-1.553613,-0.094884,6.244879,0.879698
6.000000,1.133333,6.915490,0.990169,-2.801577,-0.145585
-1.000000,1.133333,-1.553609,-0.094888,6.244879,0.879698
6.000000,1.150000,6.915682,0.989798,-2.801577,-0.145585
-1.000000,1.150000,-1.553606,-0.094893,6.244879,0.879698
6.000000,1.166667,6.915878,0.989428,-2.801577,-0.145585
-1.000000,1.166667,-1.553602,-0.094897,6.244879,0.879698
6.000000,1.183333,6.916078,0.989059,-2.801577,-0.145585
-1.000000,1.183333,-1.553599,-0.094901,6.244879,0.879698
6.000000,1.200000,6.916281,0.988693,-2.801577,-0.145585
-1.000000,1.200000,-1.553596,-0.094905,6.244879,0.879698
6.000000,1.216667,6.916486,0.988330,-2.801577,-0.145585
-1.000000,1.216667,-1.553594,-0.094909,6.244879,0.879698
6.000000,1.233333,6.916694,0.987970,-2.801577,-0.145585
-1.000000,1.233333,-1.553591,-0.094912,6.244879,0.879698
6.000000,1.250000,6.916903,0.987615,-2.801577,-0.145585
-1.000000,1.250000,-1.553588,-0.094915,6.244879,0.879698
6.000000,1.266667,6.917112,0.987266,-2.801577,-0.145585
-1.000000,1.266667,-1.553586,-0.094918,6.244879,0.879698
6.000000,1.283333,6.917322,0.986923,-2.801577,-0.145585
-1.000000,1.283333,-1.553584,-0.094921,6.244879,0.879698
6.000000,1.300000,6.917530,0.986588,-2.801577,-0.145585
-1.000000,1.300000,-1.553581,-0.094923,6.244879,0.879698
6.000000,1.316667,6.917736,0.986263,-2.801577,-0.145585
-1.000000,1.316667,-1.553579,-0.094925,6.244879,0.879698
6.000000,1.333333,6.917938,0.985949,-2.801577,-0.145585
-1.000000,1.333333,-1.553577,-0.094927,6.244879,0.879698
6.000000,1.350000,6.918134,0.985646,-2.801577,-0.145585
-1.000000,1.350000,-1.553575,-0.094929,6.244879,0.879698
6.000000,1.366667,6.918324,0.985357,-2.801577,-0.145585
-1.000000,1.366667,-1.553572,-0.094931,6.244879,0.879698
6.000000,1.383333,6.918504,0.985083,-2.801577,-0.145585
-1.000000,1.383333,-1.553570,-0.094933,6.244879,0.879698
6.000000,1.400000,6.918674,0.984826,-2.801577,-0.145585
-1.000000,1.400000,-1.553569,-0.094934,6.244879,0.879698
6.000000,1.416667,6.918830,0.984586,-2.801577,-0.145585
-1.000000,1.416667,-1.553567,-0.094936,6.244879,0.879698
6.000000,1.433333,6.918971,0.984366,-2.801577,-0.145585
-1.000000,1.433333,-1.553565,-0.094937,6.244879,0.879698
6.000000,1.450000,6.919094,0.984166,-2.801577,-0.145585
-1.000000,1.450000,-1.553564,-0.094938,6.244879,0.879698
6.000000,1.466667,6.919198,0.983985,-2.801577,-0.145585
-1.000000,1.466667,-1.553563,-0.094939,6.244879,0.879698
6.000000,1.483333,6.919281,0.983826,-2.801577,-0.145585
-1.000000,1.483333,-1.553562,-0.094940,6.244879,0.879698
6.000000,1.500000,6.919341,0.983687,-2.801577,-0.145585
-1.000000,1.500000,-1.553561,-0.094941,6.244879,0.879698
6.000000,1.516667,6.919376,0.983570,-2.801577,-0.145585
-1.000000,1.516667,-1.553561,-0.094942,6.244879,0.879698
6.000000,1.533333,6.919385,0.983473,-2.801577,-0.145585
-1.000000,1.533333,-1.553561,-0.094943,6.244879,0.879698
6.000000,1.550000,6.919367,0.983398,-2.801577,-0.145585
-1.000000,1.550000,-1.553561,-0.094944,6.244879,0.879698
6.000000,1.566667,6.919322,0.983343,-2.801577,-0.145585
-1.000000,1.566667,-1.553561,-0.094944,6.244879,0.879698
6.000000,1.583333,6.919248,0.983308,-2.801577,-0.145585
-1.000000,1.583333,-1.553561,-0.094945,6.244879,0.879698
6.000000,1.600000,6.919145,0.983293,-2.801577,-0.145585
-1.000000,1.600000,-1.553562,-0.094945,6.244879,0.879698
6.000000,1.616667,6.919014,0.983296,-2.801577,-0.145585
-1.000000,1.616667,-1.553563,-0.094945,6.244879,0.879698
6.000000,1.633333,6.918855,0.983319,-2.801577,-0.145585
-1.000000,1.633333,-1.553564,-0.094945,6.244879,0.879698
6.000000,1.650000,6.918667,0.983359,-2.801577,-0.145585
-1.000000,1.650000,-1.553565,-0.094944,6.244879,0.879698
6.000000,1.666667,6.918452,0.983417,-2.801577,-0.145585
-1.000000,1.666667,-1.553566,-0.094942,6.244879,0.879698
6.000000,1.683333,6.918210,0.983492,-2.801577,-0.145585
-1.000000,1.683333,-1.553568,-0.094941,6.244879,0.879698
6.000000,1.700000,6.917940,0.983585,-2.801577,-0.145585
-1.000000,1.700000,-1.553569,-0.094939,6.244879,0.879698
6.000000,1.716667,6.917645,0.983694,-2.801577,-0.145585
-1.000000,1.716667,-1.553571,-0.094938,6.244879,0.879698
6.000000,1.733333,6.917323,0.983819,-2.801577,-0.145585
-1.000000,1.733333,-1.553572,-0.094936,6.244879,0.879698
6.000000,1.750000,6.916976,0.983960,-2.801577,-0.145585
-1.000000,1.750000,-1.553574,-0.094935,6.244879,0.879698
6.000000,1.766667,6.916604,0.984117,-2.801577,-0.145585
-1.000000,1.766667,-1.553576,-0.094933,6.244879,0.879698
6.000000,1.783333,6.916208,0.984290,-2.801577,-0.145585
-1.000000,1.783333,-1.553578,-0.094931,6.244879,0.879698
6.000000,1.800000,6.915787,0.984478,-2.801577,-0.145585
-1.000000,1.800000,-1.553580,-0.094929,6.244879,0.879698
6.000000,1.816667,6.915343,0.984680,-2.801577,-0.145585
-1.000000,1.816667,-1.553583,-0.094926,6.244879,0.879698
6.000000,1.833333,6.914876,0.984896,-2.801577,-0.145585
-1.000000,1.833333,-1.553585,-0.094924,6.244879,0.879698
6.000000,1.850000,6.914385,0.985126,-2.801577,-0.145585
-1.000000,1.850000,-1.553588,-0.094922,6.244879,0.879698
6.000000,1.866667,6.913873,0.985370,-2.801577,-0.145585
-1.000000,1.866667,-1.553591,-0.094919,6.244879,0.879698
6.000000,1.883333,6.913340,0.985626,-2.801577,-0.145585
-1.000000,1.883333,-1.553594,-0.094917,6.244879,0.879698
6.000000,1.900000,6.912787,0.985895,-2.801577,-0.145585
-1.000000,1.900000,-1.553597,-0.094914,6.244879,0.879698
6.000000,1.916667,6.912214,0.986175,-2.801577,-0.145585
-1.000000,1.916667,-1.553600,-0.094911,6.244879,0.879698
6.000000,1.933333,6.911624,0.986466,-2.801577,-0.145585
-1.000000,1.933333,-1.553603,-0.094908,6.244879,0.879698
6.000000,1.950000,6.911018,0.986766,-2.801577,-0.145585
-1.000000,1.950000,-1.553606,-0.094905,6.244879,0.879698
6.000000,1.966667,6.910397,0.987075,-2.801577,-0.145585
-1.000000,1.966667,-1.553610,-0.094902,6.244879,0.879698
6.000000,1.983333,6.909764,0.987390,-2.801577,-0.145585
-1.000000,1.983333,-1.553613,-0.094899,6.244879,0.879698
6.000000,2.000000,6.909120,0.987711,-2.801577,-0.145585
-1.000000,2.000000,-1.553617,-0.094896,6.244879,0.879698
6.000000,2.016667,6.908467,0.988038,-2.801577,-0.145585
-1.000000,2.016667,-1.553620,-0.094893,6.244879,0.879698
6.000000,2.033333,6.907808,0.988368,-2.801577,-0.145585
-1.000000,2.033333,-1.553624,-0.094889,6.244879,0.879698
6.000000,2.050000,6.907144,0.988701,-2.801577,-0.145585
-1.000000,2.050000,-1.553627,-0.094886,6.244879,0.879698
6.000000,2.066667,6.906477,0.989034,-2.801577,-0.145585
-1.000000,2.066667,-1.553631,-0.094883,6.244879,0.879698
6.000000,2.083333,6.905811,0.989368,-2.801577,-0.145585
-1.000000,2.083333,-1.553635,-0.094879,6.244879,0.879698
6.000000,2.100000,6.905145,0.989700,-2.801577,-0.145585
-1.000000,2.100000,-1.553638,-0.094875,6.244879,0.879698
6.000000,2.116667,6.904483,0.990030,-2.801577,-0.145585
-1.000000,2.116667,-1.553642,-0.094872,6.244879,0.879698
6.000000,2.133333,6.903827,0.990356,-2.801577,-0.145585
-1.000000,2.133333,-1.553646,-0.094868,6.244879,0.879698
6.000000,2.150000,6.903177,0.990678,-2.801577,-0.145585
-1.000000,2.150000,-1.553650,-0.094864,6.244879,0.879698
6.000000,2.166667,6.902535,0.990994,-2.801577,-0.145585
-1.000000,2.166667,-1.553654,-0.094860,6.244879,0.879698
6.000000,2.183333,6.901902,0.991304,-2.801577,-0.145585
-1.000000,2.183333,-1.553658,-0.094856,6.244879,0.879698
6.000000,2.200000,6.901280,0.991606,-2.801577,-0.145585
-1.000000,2.200000,-1.553662,-0.094852,6.244879,0.879698
6.000000,2.216667,6.900670,0.991900,-2.801577,-0.145585
-1.000000,2.216667,-1.553666,-0.094848,6.244879,0.879698
6.000000,2.233333,6.900072,0.992185,-2.801577,-0.145585
-1.000000,2.233333,-1.553670,-0.094844,6.244879,0.879698
6.000000,2.250000,6.899487,0.992462,-2.801577,-0.145585
-1.000000,2.250000,-1.553674,-0.094839,6.244879,0.879698
6.000000,2.266667,6.898917,0.992729,-2.801577,-0.145585
-1.000000,2.266667,-1.553678,-0.094835,6.244879,0.879698
6.000000,2.283333,6.898360,0.992987,-2.801577,-0.145585
-1.000000,2.283333,-1.553682,-0.094831,6.244879,0.879698
6.000000,2.300000,6.897819,0.993235,-2.801577,-0.145585
-1.000000,2.300000,-1.553686,-0.094827,6.244879,0.879698
6.000000,2.316667,6.897293,0.993473,-2.801577,-0.145585
-1.000000,2.316667,-1.553689,-0.094823,6.244879,0.879698
6.000000,2.333333,6.896782,0.993702,-2.801577,-0.145585
-1.000000,2.333333,-1.553693,-0.094819,6.244879,0.879698
6.000000,2.350000,6.896287,0.993921,-2.801577,-0.145585
-1.000000,2.350000,-1.553697,-0.094816,6.244879,0.879698
6.000000,2.366667,6.895808,0.994130,-2.801577,-0.145585
-1.000000,2.366667,-1.553700,-0.094812,6.244879,0.879698
6.000000,2.383333,6.895345,0.994329,-2.801577,-0.145585
-1.000000,2.383333,-1.553704,-0.094809,6.244879,0.879698
6.000000,2.400000,6.894898,0.994518,-2.801577,-0.145585
-1.000000,2.400000,-1.553707,-0.094806,6.244879,0.879698
6.000000,2.416667,6.894467,0.994697,-2.801577,-0.145585
-1.000000,2.416667,-1.553710,-0.094803,6.244879,0.879698
6.000000,2.433333,6.894052,0.994865,-2.801577,-0.145585
-1.000000,2.433333,-1.553714,-0.094801,6.244879,0.879698
6.000000,2.450000,6.893653,0.995023,-2.801577,-0.145585
-1.000000,2.450000,-1.553717,-0.094799,6.244879,0.879698
6.000000,2.466667,6.893269,0.995171,-2.801577,-0.145585
-1.000000,2.466667,-1.553720,-0.094796,6.244879,0.879698
6.000000,2.483333,6.892900,0.995309,-2.801577,-0.145585
-1.000000,2.483333,-1.553723,-0.094794,6.244879,0.879698
6.000000,2.500000,6.892546,0.995436,-2.801577,-0.145585
-1.000000,2.500000,-1.553726,-0.094793,6.244879,0.879698
6.000000,2.516667,6.892207,0.995552,-2.801577,-0.145585
-1.000000,2.516667,-1.553729,-0.094791,6.244879,0.879698
6.000000,2.533333,6.891881,0.995658,-2.801577,-0.145585
-1.000000,2.533333,-1.553731,-0.094790,6.244879,0.879698
6.000000,2.550000,6.891569,0.995753,-2.801577,-0.145585
-1.000000,2.550000,-1.553734,-0.094789,6.244879,0.879698
6.000000,2.566667,6.891271,0.995839,-2.801577,-0.145585
-1.000000,2.566667,-1.553737,-0.094788,6.244879,0.879698
6.000000,2.583333,6.890985,0.995914,-2.801577,-0.145585
-1.000000,2.583333,-1.553740,-0.094787,6.244879,0.879698
6.000000,2.600000,6.890711,0.995979,-2.801577,-0.145585
-1.000000,2.600000,-1.553742,-0.094787,6.244879,0.879698
6.000000,2.616667,6.890450,0.996036,-2.801577,-0.145585
-1.000000,2.616667,-1.553745,-0.094786,6.244879,0.879698
6.000000,2.633333,6.890200,0.996083,-2.801577,-0.145585
-1.000000,2.633333,-1.553748,-0.094786,6.244879,0.879698
6.000000,2.650000,6.889960,0.996121,-2.801577,-0.145585
-1.000000,2.650000,-1.553750,-0.094785,6.244879,0.879698
6.000000,2.666667,6.889731,0.996151,-2.801577,-0.145585
-1.000000,2.666667,-1.553753,-0.094785,6.244879,0.879698
6.000000,2.683333,6.889512,0.996173,-2.801577,-0.145585
-1.000000,2.683333,-1.553755,-0.094785,6.244879,0.879698
6.000000,2.700000,6.889302,0.996186,-2.801577,-0.145585
-1.000000,2.700000,-1.553758,-0.094784,6.244879,0.879698
6.000000,2.716667,6.889101,0.996193,-2.801577,-0.145585
-1.000000,2.716667,-1.553760,-0.094784,6.244879,0.879698
6.000000,2.733333,6.888908,0.996192,-2.801577,-0.145585
-1.000000,2.733333,-1.553763,-0.094784,6.244879,0.879698
6.000000,2.750000,6.888723,0.996184,-2.801577,-0.145585
-1.000000,2.750000,-1.553765,-0.094784,6.244879,0.879698
6.000000,2.766667,6.888545,0.996169,-2.801577,-0.145585
-1.000000,2.766667,-1.553768,-0.094784,6.244879,0.879698
6.000000,2.783333,6.888375,0.996147,-2.801577,-0.145585
-1.000000,2.783333,-1.553770,-0.094784,6.244879,0.879698
6.000000,2.800000,6.888213,0.996120,-2.801577,-0.145585
-1.000000,2.800000,-1.553773,-0.094784,6.244879,0.879698
6.000000,2.816667,6.888057,0.996086,-2.801577,-0.145585
-1.000000,2.816667,-1.553775,-0.094784,6.244879,0.879698
6.000000,2.833333,6.887909,0.996047,-2.801577,-0.145585
-1.000000,2.833333,-1.553778,-0.094784,6.244879,0.879698
6.000000,2.850000,6.887768,0.996004,-2.801577,-0.145585
-1.000000,2.850000,-1.553781,-0.094784,6.244879,0.879698
6.000000,2.866667,6.887635,0.995955,-2.801577,-0.145585
-1.000000,2.866667,-1.553784,-0.094784,6.244879,0.879698
6.000000,2.883333,6.887510,0.995903,-2.801577,-0.145585
-1.000000,2.883333,-1.553787,-0.094784,6.244879,0.879698
6.000000,2.900000,6.887394,0.995846,-2.801577,-0.145585
-1.000000,2.900000,-1.553790,-0.094784,6.244879,0.879698
6.000000,2.916667,6.887286,0.995786,-2.801577,-0.145585
-1.000000,2.916667,-1.553794,-0.094784,6.244879,0.879698
6.000000,2.933333,6.887187,0.995721,-2.801577,-0.145585
-1.000000,2.933333,-1.553797,-0.094784,6.244879,0.879698
6.000000,2.950000,6.887098,0.995653,-2.801577,-0.145585
-1.000000,2.950000,-1.553801,-0.094783,6.244879,0.879698
6.000000,2.966667,6.887018,0.995580,-2.801577,-0.145585
-1.000000,2.966667,-1.553805,-0.094783,6.244879,0.879698
6.000000,2.983333,6.886948,0.995504,-2.801577,-0.145585
-1.000000,2.983333,-1.553809,-0.094782,6.244879,0.879698
6.000000,3.000000,6.886887,0.995425,-2.801577,-0.145585
-1.000000,3.000000,-1.553814,-0.094782,6.244879,0.879698
6.000000,3.016667,6.886837,0.995343,-2.801577,-0.145585
-1.000000,3.016667,-1.553818,-0.094781,6.244879,0.879698
6.000000,3.033333,6.886796,0.995258,-2.801577,-0.145585
-1.000000,3.033333,-1.553822,-0.094780,6.244879,0.879698
6.000000,3.050000,6.886765,0.995170,-2.801577,-0.145585
-1.000000,3.050000,-1.553827,-0.094779,6.244879,0.879698
6.000000,3.066667,6.886744,0.995081,-2.801577,-0.145585
-1.000000,3.066667,-1.553832,-0.094778,6.244879,0.879698
6.000000,3.083333,6.886731,0.994990,-2.801577,-0.145585
-1.000000,3.083333,-1.553837,-0.094777,6.244879,0.879698
6.000000,3.100000,6.886728,0.994897,-2.801577,-0.145585
-1.000000,3.100000,-1.553842,-0.094776,6.244879,0.879698
6.000000,3.116667,6.886734,0.994803,-2.801577,-0.145585
-1.000000,3.116667,-1.553846,-0.094776,6.244879,0.879698
6.000000,3.133333,6.886747,0.994708,-2.801577,-0.145585
-1.000000,3.133333,-1.553851,-0.094775,6.244879,0.879698
6.000000,3.150000,6.886769,0.994612,-2.801577,-0.145585
-1.000000,3.150000,-1.553855,-0.094774,6.244879,0.879698
6.000000,3.166667,6.886799,0.994516,-2.801577,-0.145585
-1.000000,3.166667,-1.553859,-0.094774,6.244879,0.879698
6.000000,3.183333,6.886835,0.994419,-2.801577,-0.145585
-1.000000,3.183333,-1.553864,-0.094774,6.244879,0.879698
6.000000,3.200000,6.886879,0.994322,-2.801577,-0.145585
-1.000000,3.200000,-1.553868,-0.094774,6.244879,0.879698
6.000000,3.216667,6.886929,0.994225,-2.801577,-0.145585
-1.000000,3.216667,-1.553872,-0.094775,6.244879,0.879698
6.000000,3.233333,6.886986,0.994128,-2.801577,-0.145585
-1.000000,3.233333,-1.553876,-0.094775,6.244879,0.879698
6.000000,3.250000,6.887049,0.994032,-2.801577,-0.145585
-1.000000,3.250000,-1.553879,-0.094776,6.244879,0.879698
6.000000,3.266667,6.887118,0.993936,-2.801577,-0.145585
-1.000000,3.266667,-1.553883,-0.094777,6.244879,0.879698
6.000000,3.283333,6.887192,0.993841,-2.801577,-0.145585
-1.000000,3.283333,-1.553886,-0.094778,6.244879,0.879698
6.000000,3.300000,6.887271,0.993748,-2.801577,-0.145585
-1.000000,3.300000,-1.553889,-0.094779,6.244879,0.879698
6.000000,3.316667,6.887355,0.993657,-2.801577,-0.145585
-1.000000,3.316667,-1.553892,-0.094780,6.244879,0.879698
6.000000,3.333333,6.887442,0.993568,-2.801577,-0.145585
-1.000000,3.333333,-1.553895,-0.094782,6.244879,0.879698
6.000000,3.350000,6.887533,0.993482,-2.801577,-0.145585
-1.000000,3.350000,-1.553898,-0.094784,6.244879,0.879698
6.000000,3.366667,6.887626,0.993398,-2.801577,-0.145585
-1.000000,3.366667,-1.553900,-0.094786,6.244879,0.879698
6.000000,3.383333,6.887721,0.993318,-2.801577,-0.145585
-1.000000,3.383333,-1.553902,-0.094788,6.244879,0.879698
6.000000,3.400000,6.887818,0.993242,-2.801577,-0.145585
-1.000000,3.400000,-1.553903,-0.094791,6.244879,0.879698
6.000000,3.416667,6.887914,0.993169,-2.801577,-0.145585
-1.000000,3.416667,-1.553905,-0.094794,6.244879,0.879698
6.000000,3.433333,6.888010,0.993100,-2.801577,-0.145585
-1.000000,3.433333,-1.553906,-0.094798,6.244879,0.879698
6.000000,3.450000,6.888105,0.993036,-2.801577,-0.145585
-1.000000,3.450000,-1.553907,-0.094802,6.244879,0.879698
6.000000,3.466667,6.888197,0.992978,-2.801577,-0.145585
-1.000000,3.466667,-1.553907,-0.094805,6.244879,0.879698
6.000000,3.483333,6.888284,0.992925,-2.801577,-0.145585
-1.000000,3.483333,-1.553908,-0.094809,6.244879,0.879698
6.000000,3.500000,6.888367,0.992878,-2.801577,-0.145585
-1.000000,3.500000,-1.553908,-0.094813,6.244879,0.879698
6.000000,3.516667,6.888442,0.992838,-2.801577,-0.145585
-1.000000,3.516667,-1.553908,-0.094816,6.244879,0.879698
6.000000,3.533333,6.888509,0.992806,-2.801577,-0.145585
-1.000000,3.533333,-1.553908,-0.094820,6.244879,0.879698
6.000000,3.550000,6.888566,0.992783,-2.801577,-0.145585
-1.000000,3.550000,-1.553908,-0.094824,6.244879,0.879698
6.000000,3.566667,6.888612,0.992767,-2.801577,-0.145585
-1.000000,3.566667,-1.553908,-0.094827,6.244879,0.879698
6.000000,3.583333,6.888643,0.992762,-2.801577,-0.145585
-1.000000,3.583333,-1.553907,-0.094831,6.244879,0.879698
6.000000,3.600000,6.888660,0.992766,-2.801577,-0.145585
-1.000000,3.600000,-1.553906,-0.094834,6.244879,0.879698
6.000000,3.616667,6.888659,0.992780,-2.801577,-0.145585
-1.000000,3.616667,-1.553906,-0.094837,6.244879,0.879698
6.000000,3.633333,6.888638,0.992806,-2.801577,-0.145585
-1.000000,3.633333,-1.553905,-0.094840,6.244879,0.879698
6.000000,3.650000,6.888596,0.992843,-2.801577,-0.145585
-1.000000,3.650000,-1.553904,-0.094843,6.244879,0.879698
6.000000,3.666667,6.888531,0.992891,-2.801577,-0.145585
-1.000000,3.666667,-1.553904,-0.094846,6.244879,0.879698
6.000000,3.683333,6.888439,0.992952,-2.801577,-0.145585
-1.000000,3.683333,-1.553904,-0.094848,6.244879,0.879698
6.000000,3.700000,6.888319,0.993026,-2.801577,-0.145585
-1.000000,3.700000,-1.553907,-0.094851,6.244879,0.879698
6.000000,3.716667,6.888169,0.993112,-2.801577,-0.145585
-1.000000,3.716667,-1.553915,-0.094854,6.244879,0.879698
6.000000,3.733333,6.887987,0.993212,-2.801577,-0.145585
-1.000000,3.733333,-1.553927,-0.094857,6.244879,0.879698
6.000000,3.750000,6.887769,0.993325,-2.801577,-0.145585
-1.000000,3.750000,-1.553942,-0.094861,6.244879,0.879698
6.000000,3.766667,6.887513,0.993453,-2.801577,-0.145585
-1.000000,3.766667,-1.553960,-0.094865,6.244879,0.879698
6.000000,3.783333,6.887218,0.993595,-2.801577,-0.145585
-1.000000,3.783333,-1.553979,-0.094870,6.244879,0.879698
6.000000,3.800000,6.886881,0.993751,-2.801577,-0.145585
-1.000000,3.800000,-1.553997,-0.094874,6.244879,0.879698
6.000000,3.816667,6.886499,0.993923,-2.801577,-0.145585
-1.000000,3.816667,-1.554011,-0.094878,6.244879,0.879698
6.000000,3.833333,6.886070,0.994109,-2.801577,-0.145585
-1.000000,3.833333,-1.554016,-0.094882,6.244879,0.879698
6.000000,3.850000,6.885593,0.994310,-2.801577,-0.145585
-1.000000,3.850000,-1.554010,-0.094885,6.244879,0.879698
6.000000,3.866667,6.885064,0.994528,-2.801577,-0.145585
-1.000000,3.866667,-1.553986,-0.094886,6.244879,0.879698
6.000000,3.883333,6.884482,0.994761,-2.801577,-0.145585
-1.000000,3.883333,-1.553939,-0.094885,6.244879,0.879698
6.000000,3.900000,6.883844,0.995008,-2.801577,-0.145585
-1.000000,3.900000,-1.553864,-0.094882,6.244879,0.879698
6.000000,3.916667,6.883146,0.995271,-2.801577,-0.145585
-1.000000,3.916667,-1.553753,-0.094873,6.244879,0.879698
6.000000,3.933333,6.882387,0.995547,-2.801577,-0.145585
-1.000000,3.933333,-1.553599,-0.094860,6.244879,0.879698
6.000000,3.950000,6.881564,0.995837,-2.801577,-0.145585
-1.000000,3.950000,-1.553393,-0.094840,6.244879,0.879698
6.000000,3.966667,6.880672,0.996139,-2.801577,-0.145585
-1.000000,3.966667,-1.553127,-0.094812,6.244879,0.879698
6.000000,3.983333,6.879708,0.996454,-2.801577,-0.145585
-1.000000,3.983333,-1.552792,-0.094776,6.244879,0.879698
6.000000,4.000000,6.878669,0.996780,-2.801577,-0.145585
-1.000000,4.000000,-1.552379,-0.094730,6.244879,0.879698
6.000000,4.016667,6.877553,0.997115,-2.801577,-0.145585
-1.000000,4.016667,-1.551877,-0.094673,6.244879,0.879698
6.000000,4.033333,6.876356,0.997460,-2.801577,-0.145585
-1.000000,4.033333,-1.551275,-0.094602,6.244879,0.879698
6.000000,4.050000,6.875076,0.997813,-2.801577,-0.145585
-1.000000,4.050000,-1.550567,-0.094518,6.244879,0.879698
6.000000,4.066667,6.873709,0.998172,-2.801577,-0.145585
-1.000000,4.066667,-1.549745,-0.094419,6.244879,0.879698
6.000000,4.083333,6.872254,0.998537,-2.801577,-0.145585
-1.000000,4.083333,-1.548805,-0.094303,6.244879,0.879698
6.000000,4.100000,6.870707,0.998906,-2.801577,-0.145585
-1.000000,4.100000,-1.547743,-0.094170,6.244879,0.879698
6.000000,4.116667,6.869065,0.999277,-2.801577,-0.145585
-1.000000,4.116667,-1.546558,-0.094019,6.244879,0.879698
6.000000,4.133333,6.867326,0.999650,-2.801577,-0.145585
-1.000000,4.133333,-1.545248,-0.093850,6.244879,0.879698
6.000000,4.150000,6.865487,1.000023,-2.801577,-0.145585
-1.000000,4.150000,-1.543814,-0.093663,6.244879,0.879698
6.000000,4.166667,6.863546,1.000395,-2.801577,-0.145585
-1.000000,4.166667,-1.542257,-0.093459,6.244879,0.879698
6.000000,4.183333,6.861500,1.000763,-2.801577,-0.145585
-1.000000,4.183333,-1.540578,-0.093239,6.244879,0.879698
6.000000,4.200000,6.859346,1.001127,-2.801577,-0.145585
-1.000000,4.200000,-1.538777,-0.093002,6.244879,0.879698
6.000000,4.216667,6.857083,1.001484,-2.801577,-0.145585
-1.000000,4.216667,-1.536855,-0.092751,6.244879,0.879698
6.000000,4.233333,6.854707,1.001833,-2.801577,-0.145585
-1.000000,4.233333,-1.534813,-0.092485,6.244879,0.879698
6.000000,4.250000,6.852217,1.002172,-2.801577,-0.145585
-1.000000,4.250000,-1.532651,-0.092205,6.244879,0.879698
6.000000,4.266667,6.849609,1.002498,-2.801577,-0.145585
-1.000000,4.266667,-1.530369,-0.091912,6.244879,0.879698
6.000000,4.283333,6.846881,1.002809,-2.801577,-0.145585
-1.000000,4.283333,-1.527966,-0.091604,6.244879,0.879698
6.000000,4.300000,6.844031,1.003105,-2.801577,-0.145585
-1.000000,4.300000,-1.525444,-0.091282,6.244879,0.879698
6.000000,4.316667,6.841056,1.003381,-2.801577,-0.145585
-1.000000,4.316667,-1.522801,-0.090947,6.244879,0.879698
6.000000,4.333333,6.837954,1.003637,-2.801577,-0.145585
-1.000000,4.333333,-1.520039,-0.090597,6.244879,0.879698
6.000000,4.350000,6.834722,1.003869,-2.801577,-0.145585
-1.000000,4.350000,-1.517156,-0.090232,6.244879,0.879698
6.000000,4.366667,6.831358,1.004077,-2.801577,-0.145585
-1.000000,4.366667,-1.514154,-0.089853,6.244879,0.879698
6.000000,4.383333,6.827860,1.004258,-2.801577,-0.145585
-1.000000,4.383333,-1.511034,-0.089458,6.244879,0.879698
6.000000,4.400000,6.824226,1.004411,-2.801577,-0.145585
-1.000000,4.400000,-1.507794,-0.089048,6.244879,0.879698
6.000000,4.416667,6.820455,1.004534,-2.801577,-0.145585
-1.000000,4.416667,-1.504435,-0.088622,6.244879,0.879698
6.000000,4.433333,6.816545,1.004626,-2.801577,-0.145585
-1.000000,4.433333,-1.500957,-0.088181,6.244879,0.879698
6.000000,4.450000,6.812495,1.004686,-2.801577,-0.145585
-1.000000,4.450000,-1.497359,-0.087724,6.244879,0.879698
6.000000,4.466667,6.808303,1.004713,-2.801577,-0.145585
-1.000000,4.466667,-1.493640,-0.087253,6.244879,0.879698
6.000000,4.483333,6.803969,1.004706,-2.801577,-0.145585
-1.000000,4.483333,-1.489800,-0.086766,6.244879,0.879698
6.000000,4.500000,6.799491,1.004665,-2.801577,-0.145585
-1.000000,4.500000,-1.485837,-0.086264,6.244879,0.879698
6.000000,4.516667,6.794869,1.004590,-2.801577,-0.145585
-1.000000,4.516667,-1.481752,-0.085747,6.244879,0.879698
6.000000,4.533333,6.790102,1.004480,-2.801577,-0.145585
-1.000000,4.533333,-1.477544,-0.085215,6.244879,0.879698
6.000000,4.550000,6.785189,1.004335,-2.801577,-0.145585
-1.000000,4.550000,-1.473215,-0.084667,6.244879,0.879698
6.000000,4.566667,6.780129,1.004156,-2.801577,-0.145585
-1.000000,4.566667,-1.468765,-0.084104,6.244879,0.879698
6.000000,4.583333,6.774922,1.003944,-2.801577,-0.145585
-1.000000,4.583333,-1.464195,-0.083524,6.244879,0.879698
6.000000,4.600000,6.769567,1.003697,-2.801577,-0.145585
-1.000000,4.600000,-1.459506,-0.082928,6.244879,0.879698
6.000000,4.616667,6.764063,1.003418,-2.801577,-0.145585
-1.000000,4.616667,-1.454700,-0.082315,6.244879,0.879698
6.000000,4.633333,6.758409,1.003107,-2.801577,-0.145585
-1.000000,4.633333,-1.449778,-0.081687,6.244879,0.879698
6.000000,4.650000,6.752604,1.002765,-2.801577,-0.145585
-1.000000,4.650000,-1.444743,-0.081042,6.244879,0.879698
6.000000,4.666667,6.746649,1.002392,-2.801577,-0.145585
-1.000000,4.666667,-1.439596,-0.080381,6.244879,0.879698
6.000000,4.683333,6.740541,1.001989,-2.801577,-0.145585
-1.000000,4.683333,-1.434340,-0.079704,6.244879,0.879698
6.000000,4.700000,6.734281,1.001557,-2.801577,-0.145585
-1.000000,4.700000,-1.428976,-0.079012,6.244879,0.879698
6.000000,4.716667,6.727868,1.001097,-2.801577,-0.145585
-1.000000,4.716667,-1.423506,-0.078305,6.244879,0.879698
6.000000,4.733333,6.721300,1.000610,-2.801577,-0.145585
-1.000000,4.733333,-1.417931,-0.077583,6.244879,0.879698
6.000000,4.750000,6.714576,1.000096,-2.801577,-0.145585
-1.000000,4.750000,-1.412253,-0.076845,6.244879,0.879698
6.000000,4.766667,6.707696,0.999556,-2.801577,-0.145585
-1.000000,4.766667,-1.406473,-0.076093,6.244879,0.879698
6.000000,4.783333,6.700658,0.998992,-2.801577,-0.145585
-1.000000,4.783333,-1.400593,-0.075326,6.244879,0.879698
6.000000,4.800000,6.693461,0.998404,-2.801577,-0.145585
-1.000000,4.800000,-1.394615,-0.074543,6.244879,0.879698
6.000000,4.816667,6.686104,0.997794,-2.801577,-0.145585
-1.000000,4.816667,-1.388539,-0.073746,6.244879,0.879698
6.000000,4.833333,6.678587,0.997163,-2.801577,-0.145585
-1.000000,4.833333,-1.382368,-0.072934,6.244879,0.879698
6.000000,4.850000,6.670907,0.996514,-2.801577,-0.145585
-1.000000,4.850000,-1.376102,-0.072107,6.244879,0.879698
6.000000,4.866667,6.663063,0.995848,-2.801577,-0.145585
-1.000000,4.866667,-1.369744,-0.071266,6.244879,0.879698
6.000000,4.883333,6.655056,0.995166,-2.801577,-0.145585
-1.000000,4.883333,-1.363294,-0.070412,6.244879,0.879698
6.000000,4.900000,6.646883,0.994472,-2.801577,-0.145585
-1.000000,4.900000,-1.356755,-0.069543,6.244879,0.879698
6.000000,4.916667,6.638544,0.993766,-2.801577,-0.145585
-1.000000,4.916667,-1.350128,-0.068662,6.244879,0.879698
6.000000,4.933333,6.630036,0.993052,-2.801577,-0.145585
-1.000000,4.933333,-1.343415,-0.067767,6.244879,0.879698
6.000000,4.950000,6.621360,0.992329,-2.801577,-0.145585
-1.000000,4.950000,-1.336617,-0.066859,6.244879,0.879698
6.000000,4.966667,6.612512,0.991601,-2.801577,-0.145585
-1.000000,4.966667,-1.329736,-0.065938,6.244879,0.879698
6.000000,4.983333,6.603493,0.990869,-2.801577,-0.145585
-1.000000,4.983333,-1.322773,-0.065004,6.244879,0.879698
6.000000,5.000000,6.594301,0.990135,-2.801577,-0.145585
-1.000000,5.000000,-1.315730,-0.064057,6.244879,0.879698
6.000000,5.016667,6.584935,0.989399,-2.801577,-0.145585
-1.000000,5.016667,-1.308608,-0.063097,6.244879,0.879698
6.000000,5.033333,6.575395,0.988664,-2.801577,-0.145585
-1.000000,5.033333,-1.301408,-0.062123,6.244879,0.879698
6.000000,5.050000,6.565680,0.987931,-2.801577,-0.145585
-1.000000,5.050000,-1.294131,-0.061138,6.244879,0.879698
6.000000,5.066667,6.555789,0.987201,-2.801577,-0.145585
-1.000000,5.066667,-1.286778,-0.060141,6.244879,0.879698
6.000000,5.083333,6.545723,0.986476,-2.801577,-0.145585
-1.000000,5.083333,-1.279351,-0.059132,6.244879,0.879698
6.000000,5.100000,6.535482,0.985756,-2.801577,-0.145585
-1.000000,5.100000,-1.271851,-0.058112,6.244879,0.879698
6.000000,5.116667,6.525065,0.985042,-2.801577,-0.145585
-1.000000,5.116667,-1.264279,-0.057082,6.244879,0.879698
6.000000,5.133333,6.514474,0.984334,-2.801577,-0.145585
-1.000000,5.133333,-1.256637,-0.056041,6.244879,0.879698
6.000000,5.150000,6.503709,0.983634,-2.801577,-0.145585
-1.000000,5.150000,-1.248925,-0.054990,6.244879,0.879698
6.000000,5.166667,6.492771,0.982940,-2.801577,-0.145585
-1.000000,5.166667,-1.241146,-0.053930,6.244879,0.879698
6.000000,5.183333,6.481659,0.982254,-2.801577,-0.145585
-1.000000,5.183333,-1.233301,-0.052859,6.244879,0.879698
6.000000,5.200000,6.470376,0.981574,-2.801577,-0.145585
-1.000000,5.200000,-1.225391,-0.051779,6.244879,0.879698
6.000000,5.216667,6.458921,0.980903,-2.801577,-0.145585
-1.000000,5.216667,-1.217417,-0.050690,6.244879,0.879698
6.000000,5.233333,6.447296,0.980239,-2.801577,-0.145585
-1.000000,5.233333,-1.209381,-0.049590,6.244879,0.879698
6.000000,5.250000,6.435501,0.979582,-2.801577,-0.145585
-1.000000,5.250000,-1.201285,-0.048482,6.244879,0.879698
6.000000,5.266667,6.423539,0.978933,-2.801577,-0.145585
-1.000000,5.266667,-1.193129,-0.047364,6.244879,0.879698
6.000000,5.283333,6.411410,0.978291,-2.801577,-0.145585
-1.000000,5.283333,-1.184915,-0.046238,6.244879,0.879698
6.000000,5.300000,6.399117,0.977656,-2.801577,-0.145585
-1.000000,5.300000,-1.176644,-0.045103,6.244879,0.879698
6.000000,5.316667,6.386661,0.977028,-2.801577,-0.145585
-1.000000,5.316667,-1.168319,-0.043961,6.244879,0.879698
6.000000,5.333333,6.374044,0.976405,-2.801577,-0.145585
-1.000000,5.333333,-1.159940,-0.042811,6.244879,0.879698
6.000000,5.350000,6.361268,0.975787,-2.801577,-0.145585
-1.000000,5.350000,-1.151509,-0.041655,6.244879,0.879698
6.000000,5.366667,6.348334,0.975174,-2.801577,-0.145585
-1.000000,5.366667,-1.143029,-0.040491,6.244879,0.879698
6.000000,5.383333,6.335245,0.974564,-2.801577,-0.145585
-1.000000,5.383333,-1.134499,-0.039320,6.244879,0.879698
6.000000,5.400000,6.322001,0.973957,-2.801577,-0.145585
-1.000000,5.400000,-1.125923,-0.038143,6.244879,0.879698
6.000000,5.416667,6.308605,0.973351,-2.801577,-0.145585
-1.000000,5.416667,-1.117300,-0.036960,6.244879,0.879698
6.000000,5.433333,6.295058,0.972746,-2.801577,-0.145585
-1.000000,5.433333,-1.108632,-0.035772,6.244879,0.879698
6.000000,5.450000,6.281361,0.972140,-2.801577,-0.145585
-1.000000,5.450000,-1.099919,-0.034579,6.244879,0.879698
6.000000,5.466667,6.267516,0.971533,-2.801577,-0.145585
-1.000000,5.466667,-1.091163,-0.033383,6.244879,0.879698
6.000000,5.483333,6.253524,0.970922,-2.801577,-0.145585
-1.000000,5.483333,-1.082363,-0.032183,6.244879,0.879698
6.000000,5.500000,6.239387,0.970308,-2.801577,-0.145585
-1.000000,5.500000,-1.073522,-0.030981,6.244879,0.879698
6.000000,5.516667,6.225106,0.969688,-2.801577,-0.145585
-1.000000,5.516667,-1.064640,-0.029775,6.244879,0.879698
6.000000,5.533333,6.210683,0.969061,-2.801577,-0.145585
-1.000000,5.533333,-1.055718,-0.028567,6.244879,0.879698
6.000000,5.550000,6.196119,0.968426,-2.801577,-0.145585
-1.000000,5.550000,-1.046757,-0.027356,6.244879,0.879698
6.000000,5.566667,6.181415,0.967780,-2.801577,-0.145585
-1.000000,5.566667,-1.037759,-0.026141,6.244879,0.879698
6.000000,5.583333,6.166574,0.967123,-2.801577,-0.145585
-1.000000,5.583333,-1.028724,-0.024922,6.244879,0.879698
6.000000,5.600000,6.151595,0.966453,-2.801577,-0.145585
-1.000000,5.600000,-1.019654,-0.023699,6.244879,0.879698
6.000000,5.616667,6.136482,0.965769,-2.801577,-0.145585
-1.000000,5.616667,-1.010548,-0.022473,6.244879,0.879698
6.000000,5.633333,6.121236,0.965068,-2.801577,-0.145585
-1.000000,5.633333,-1.001410,-0.021242,6.244879,0.879698
6.000000,5.650000,6.105858,0.964350,-2.801577,-0.145585
-1.000000,5.650000,-0.992239,-0.020008,6.244879,0.879698
6.000000,5.666667,6.090350,0.963614,-2.801577,-0.145585
-1.000000,5.666667,-0.983036,-0.018771,6.244879,0.879698
6.000000,5.683333,6.074714,0.962859,-2.801577,-0.145585
-1.000000,5.683333,-0.973802,-0.017530,6.244879,0.879698
6.000000,5.700000,6.058952,0.962085,-2.801577,-0.145585
-1.000000,5.700000,-0.964539,-0.016285,6.244879,0.879698
6.000000,5.716667,6.043065,0.961291,-2.801577,-0.145585
-1.000000,5.716667,-0.955248,-0.015039,6.244879,0.879698
6.000000,5.733333,6.027055,0.960478,-2.801577,-0.145585
-1.000000,5.733333,-0.945929,-0.013789,6.244879,0.879698
6.000000,5.750000,6.010924,0.959645,-2.801577,-0.145585
-1.000000,5.750000,-0.936584,-0.012537,6.244879,0.879698
6.000000,5.766667,5.994676,0.958793,-2.801577,-0.145585
-1.000000,5.766667,-0.927214,-0.011283,6.244879,0.879698
6.000000,5.783333,5.978312,0.957922,-2.801577,-0.145585
-1.000000,5.783333,-0.917820,-0.010026,6.244879,0.879698
6.000000,5.800000,5.961835,0.957032,-2.801577,-0.145585
-1.000000,5.800000,-0.908403,-0.008767,6.244879,0.879698
6.000000,5.816667,5.945247,0.956124,-2.801577,-0.145585
-1.000000,5.816667,-0.898964,-0.007506,6.244879,0.879698
6.000000,5.833333,5.928551,0.955199,-2.801577,-0.145585
-1.000000,5.833333,-0.889504,-0.006243,6.244879,0.879698
6.000000,5.850000,5.911749,0.954256,-2.801577,-0.145585
-1.000000,5.850000,-0.880025,-0.004978,6.244879,0.879698
6.000000,5.866667,5.894843,0.953297,-2.801577,-0.145585
-1.000000,5.866667,-0.870527,-0.003712,6.244879,0.879698
6.000000,5.883333,5.877836,0.952322,-2.801577,-0.145585
-1.000000,5.883333,-0.861013,-0.002444,6.244879,0.879698
6.000000,5.900000,5.860728,0.951332,-2.801577,-0.145585
-1.000000,5.900000,-0.851484,-0.001174,6.244879,0.879698
6.000000,5.916667,5.843523,0.950328,-2.801577,-0.145585
-1.000000,5.916667,-0.841941,0.000096,6.244879,0.879698
6.000000,5.933333,5.826221,0.949312,-2.801577,-0.145585
-1.000000,5.933333,-0.832385,0.001368,6.244879,0.879698
6.000000,5.950000,5.808825,0.948283,-2.801577,-0.145585
-1.000000,5.950000,-0.822817,0.002642,6.244879,0.879698
6.000000,5.966667,5.791335,0.947243,-2.801577,-0.145585
-1.000000,5.966667,-0.813239,0.003917,6.244879,0.879698
6.000000,5.983333,5.773753,0.946193,-2.801577,-0.145585
-1.000000,5.983333,-0.803650,0.005194,6.244879,0.879698
6.000000,6.000000,5.756080,0.945136,-2.801577,-0.145585
-1.000000,6.000000,-0.794052,0.006472,6.244879,0.879698
6.000000,6.016667,5.738316,0.944071,-2.801577,-0.145585
-1.000000,6.016667,-0.784446,0.007752,6.244879,0.879698
6.000000,6.033333,5.720463,0.943002,-2.801577,-0.145585
-1.000000,6.033333,-0.774832,0.009033,6.244879,0.879698
6.000000,6.050000,5.702522,0.941929,-2.801577,-0.145585
-1.000000,6.050000,-0.765212,0.010316,6.244879,0.879698
6.000000,6.066667,5.684494,0.940855,-2.801577,-0.145585
-1.000000,6.066667,-0.755585,0.011599,6.244879,0.879698
6.000000,6.083333,5.666379,0.939779,-2.801577,-0.145585
-1.000000,6.083333,-0.745952,0.012884,6.244879,0.879698
6.000000,6.100000,5.648176,0.938705,-2.801577,-0.145585
-1.000000,6.100000,-0.736315,0.014169,6.244879,0.879698
6.000000,6.116667,5.629887,0.937632,-2.801577,-0.145585
-1.000000,6.116667,-0.726674,0.015455,6.244879,0.879698
6.000000,6.133333,5.611513,0.936563,-2.801577,-0.145585
-1.000000,6.133333,-0.717029,0.016742,6.244879,0.879698
6.000000,6.150000,5.593054,0.935498,-2.801577,-0.145585
-1.000000,6.150000,-0.707381,0.018030,6.244879,0.879698
6.000000,6.166667,5.574512,0.934440,-2.801577,-0.145585
-1.000000,6.166667,-0.697731,0.019317,6.244879,0.879698
6.000000,6.183333,5.555889,0.933388,-2.801577,-0.145585
-1.000000,6.183333,-0.688079,0.020606,6.244879,0.879698
6.000000,6.200000,5.537184,0.932345,-2.801577,-0.145585
-1.000000,6.200000,-0.678425,0.021895,6.244879,0.879698
6.000000,6.216667,5.518400,0.931310,-2.801577,-0.145585
-1.000000,6.216667,-0.668769,0.023184,6.244879,0.879698
6.000000,6.233333,5.499539,0.930286,-2.801577,-0.145585
-1.000000,6.233333,-0.659113,0.024473,6.244879,0.879698
6.000000,6.250000,5.480601,0.929273,-2.801577,-0.145585
-1.000000,6.250000,-0.649457,0.025763,6.244879,0.879698
6.000000,6.266667,5.461589,0.928271,-2.801577,-0.145585
-1.000000,6.266667,-0.639801,0.027053,6.244879,0.879698
6.000000,6.283333,5.442503,0.927280,-2.801577,-0.145585
-1.000000,6.283333,-0.630146,0.028343,6.244879,0.879698
6.000000,6.300000,5.423346,0.926302,-2.801577,-0.145585
-1.000000,6.300000,-0.620493,0.029633,6.244879,0.879698
6.000000,6.316667,5.404119,0.925335,-2.801577,-0.145585
-1.000000,6.316667,-0.610843,0.030923,6.244879,0.879698
6.000000,6.333333,5.384822,0.924380,-2.801577,-0.145585
-1.000000,6.333333,-0.601195,0.032212,6.244879,0.879698
6.000000,6.350000,5.365458,0.923438,-2.801577,-0.145585
-1.000000,6.350000,-0.591551,0.033502,6.244879,0.879698
6.000000,6.366667,5.346028,0.922508,-2.801577,-0.145585
-1.000000,6.366667,-0.581910,0.034791,6.244879,0.879698
6.000000,6.383333,5.326533,0.921590,-2.801577,-0.145585
-1.000000,6.383333,-0.572274,0.036081,6.244879,0.879698
6.000000,6.400000,5.306975,0.920683,-2.801577,-0.145585
-1.000000,6.400000,-0.562643,0.037371,6.244879,0.879698
6.000000,6.416667,5.287356,0.919789,-2.801577,-0.145585
-1.000000,6.416667,-0.553018,0.038662,6.244879,0.879698
6.000000,6.433333,5.267676,0.918906,-2.801577,-0.145585
-1.000000,6.433333,-0.543398,0.039953,6.244879,0.879698
6.000000,6.450000,5.247938,0.918035,-2.801577,-0.145585
-1.000000,6.450000,-0.533785,0.041245,6.244879,0.879698
6.000000,6.466667,5.228144,0.917174,-2.801577,-0.145585
-1.000000,6.466667,-0.524180,0.042537,6.244879,0.879698
6.000000,6.483333,5.208294,0.916325,-2.801577,-0.145585
-1.000000,6.483333,-0.514581,0.043829,6.244879,0.879698
6.000000,6.500000,5.188390,0.915485,-2.801577,-0.145585
-1.000000,6.500000,-0.504991,0.045122,6.244879,0.879698
6.000000,6.516667,5.168434,0.914656,-2.801577,-0.145585
-1.000000,6.516667,-0.495409,0.046416,6.244879,0.879698
6.000000,6.533333,5.148427,0.913835,-2.801577,-0.145585
-1.000000,6.533333,-0.485835,0.047710,6.244879,0.879698
6.000000,6.550000,5.128370,0.913023,-2.801577,-0.145585
-1.000000,6.550000,-0.476269,0.049004,6.244879,0.879698
6.000000,6.566667,5.108264,0.912219,-2.801577,-0.145585
-1.000000,6.566667,-0.466711,0.050299,6.244879,0.879698
6.000000,6.583333,5.088108,0.911422,-2.801577,-0.145585
-1.000000,6.583333,-0.457162,0.051595,6.244879,0.879698
6.000000,6.600000,5.067904,0.910632,-2.801577,-0.145585
-1.000000,6.600000,-0.447621,0.052891,6.244879,0.879698
6.000000,6.616667,5.047651,0.909848,-2.801577,-0.145585
-1.000000,6.616667,-0.438089,0.054187,6.244879,0.879698
6.000000,6.633333,5.027351,0.909068,-2.801577,-0.145585
-1.000000,6.633333,-0.428566,0.055483,6.244879,0.879698
6.000000,6.650000,5.007003,0.908292,-2.801577,-0.145585
-1.000000,6.650000,-0.419053,0.056779,6.244879,0.879698
6.000000,6.666667,4.986608,0.907519,-2.801577,-0.145585
-1.000000,6.666667,-0.409550,0.058075,6.244879,0.879698
6.000000,6.683333,4.966167,0.906748,-2.801577,-0.145585
-1.000000,6.683333,-0.400057,0.059370,6.244879,0.879698
6.000000,6.700000,4.945682,0.905976,-2.801577,-0.145585
-1.000000,6.700000,-0.390574,0.060664,6.244879,0.879698
6.000000,6.716667,4.925153,0.905204,-2.801577,-0.145585
-1.000000,6.716667,-0.381102,0.061958,6.244879,0.879698
6.000000,6.733333,4.904583,0.904430,-2.801577,-0.145585
-1.000000,6.733333,-0.371641,0.063250,6.244879,0.879698
6.000000,6.750000,4.883972,0.903653,-2.801577,-0.145585
-1.000000,6.750000,-0.362191,0.064543,6.244879,0.879698
6.000000,6.766667,4.863323,0.902872,-2.801577,-0.145585
-1.000000,6.766667,-0.352753,0.065834,6.244879,0.879698
6.000000,6.783333,4.842636,0.902087,-2.801577,-0.145585
-1.000000,6.783333,-0.343327,0.067126,6.244879,0.879698
6.000000,6.800000,4.821915,0.901298,-2.801577,-0.145585
-1.000000,6.800000,-0.333913,0.068417,6.244879,0.879698
6.000000,6.816667,4.801159,0.900503,-2.801577,-0.145585
-1.000000,6.816667,-0.324511,0.069708,6.244879,0.879698
6.000000,6.833333,4.780372,0.899703,-2.801577,-0.145585
-1.000000,6.833333,-0.315121,0.070999,6.244879,0.879698
6.000000,6.850000,4.759553,0.898897,-2.801577,-0.145585
-1.000000,6.850000,-0.305744,0.072290,6.244879,0.879698
6.000000,6.866667,4.738704,0.898086,-2.801577,-0.145585
-1.000000,6.866667,-0.296379,0.073580,6.244879,0.879698
6.000000,6.883333,4.717827,0.897269,-2.801577,-0.145585
-1.000000,6.883333,-0.287026,0.074870,6.244879,0.879698
6.000000,6.900000,4.696924,0.896445,-2.801577,-0.145585
-1.000000,6.900000,-0.277685,0.076160,6.244879,0.879698
6.000000,6.916667,4.675995,0.895616,-2.801577,-0.145585
-1.000000,6.916667,-0.268357,0.077449,6.244879,0.879698
6.000000,6.933333,4.655043,0.894780,-2.801577,-0.145585
-1.000000,6.933333,-0.259040,0.078738,6.244879,0.879698
6.000000,6.950000,4.634069,0.893938,-2.801577,-0.145585
-1.000000,6.950000,-0.249736,0.080027,6.244879,0.879698
6.000000,6.966667,4.613075,0.893090,-2.801577,-0.145585
-1.000000,6.966667,-0.240443,0.081315,6.244879,0.879698
6.000000,6.983333,4.592062,0.892236,-2.801577,-0.145585
-1.000000,6.983333,-0.231163,0.082604,6.244879,0.879698
6.000000,7.000000,4.571030,0.891377,-2.801577,-0.145585
-1.000000,7.000000,-0.221894,0.083893,6.244879,0.879698
6.000000,7.016667,4.549982,0.890512,-2.801577,-0.145585
-1.000000,7.016667,-0.212638,0.085182,6.244879,0.879698
6.000000,7.033333,4.528918,0.889642,-2.801577,-0.145585
-1.000000,7.033333,-0.203395,0.086472,6.244879,0.879698
6.000000,7.050000,4.507839,0.888767,-2.801577,-0.145585
-1.000000,7.050000,-0.194163,0.087762,6.244879,0.879698
6.000000,7.066667,4.486747,0.887888,-2.801577,-0.145585
-1.000000,7.066667,-0.184944,0.089052,6.244879,0.879698
6.000000,7.083333,4.465642,0.887005,-2.801577,-0.145585
-1.000000,7.083333,-0.175738,0.090343,6.244879,0.879698
6.000000,7.100000,4.444525,0.886119,-2.801577,-0.145585
-1.000000,7.100000,-0.166545,0.091634,6.244879,0.879698
6.000000,7.116667,4.423397,0.885231,-2.801577,-0.145585
-1.000000,7.116667,-0.157366,0.092926,6.244879,0.879698
6.000000,7.133333,4.402257,0.884340,-2.801577,-0.145585
-1.000000,7.133333,-0.148201,0.094218,6.244879,0.879698
6.000000,7.150000,4.381106,0.883449,-2.801577,-0.145585
-1.000000,7.150000,-0.139048,0.095511,6.244879,0.879698
6.000000,7.166667,4.359944,0.882557,-2.801577,-0.145585
-1.000000,7.166667,-0.129909,0.096804,6.244879,0.879698
6.000000,7.183333,4.338771,0.881664,-2.801577,-0.145585
-1.000000,7.183333,-0.120784,0.098098,6.244879,0.879698
6.000000,7.200000,4.317585,0.880773,-2.801577,-0.145585
-1.000000,7.200000,-0.111671,0.099393,6.244879,0.879698
6.000000,7.216667,4.296388,0.879883,-2.801577,-0.145585
-1.000000,7.216667,-0.102571,0.100688,6.244879,0.879698
6.000000,7.233333,4.275179,0.878994,-2.801577,-0.145585
-1.000000,7.233333,-0.093484,0.101984,6.244879,0.879698
6.000000,7.250000,4.253958,0.878108,-2.801577,-0.145585
-1.000000,7.250000,-0.084409,0.103282,6.244879,0.879698
6.000000,7.266667,4.232725,0.877224,-2.801577,-0.145585
-1.000000,7.266667,-0.075347,0.104580,6.244879,0.879698
6.000000,7.283333,4.211479,0.876344,-2.801577,-0.145585
-1.000000,7.283333,-0.066296,0.105879,6.244879,0.879698
6.000000,7.300000,4.190220,0.875466,-2.801577,-0.145585
-1.000000,7.300000,-0.057256,0.107179,6.244879,0.879698
6.000000,7.316667,4.168949,0.874590,-2.801577,-0.145585
-1.000000,7.316667,-0.048227,0.108479,6.244879,0.879698
6.000000,7.333333,4.147665,0.873718,-2.801577,-0.145585
-1.000000,7.333333,-0.039209,0.109778,6.244879,0.879698
6.000000,7.350000,4.126368,0.872847,-2.801577,-0.145585
-1.000000,7.350000,-0.030201,0.111077,6.244879,0.879698
6.000000,7.366667,4.105059,0.871978,-2.801577,-0.145585
-1.000000,7.366667,-0.021203,0.112375,6.244879,0.879698
6.000000,7.383333,4.083737,0.871111,-2.801577,-0.145585
-1.000000,7.383333,-0.012216,0.113672,6.244879,0.879698
6.000000,7.400000,4.062404,0.870244,-2.801577,-0.145585
-1.000000,7.400000,-0.003240,0.114968,6.244879,0.879698
6.000000,7.416667,4.041058,0.869377,-2.801577,-0.145585
-1.000000,7.416667,0.005726,0.116262,6.244879,0.879698
6.000000,7.433333,4.019701,0.868509,-2.801577,-0.145585
-1.000000,7.433333,0.014680,0.117556,6.244879,0.879698
6.000000,7.450000,3.998332,0.867641,-2.801577,-0.145585
-1.000000,7.450000,0.023624,0.118848,6.244879,0.879698
6.000000,7.466667,3.976953,0.866772,-2.801577,-0.145585
-1.000000,7.466667,0.032556,0.120139,6.244879,0.879698
6.000000,7.483333,3.955564,0.865902,-2.801577,-0.145585
-1.000000,7.483333,0.041476,0.121429,6.244879,0.879698
6.000000,7.500000,3.934164,0.865030,-2.801577,-0.145585
-1.000000,7.500000,0.050385,0.122718,6.244879,0.879698
6.000000,7.516667,3.912754,0.864156,-2.801577,-0.145585
-1.000000,7.516667,0.059283,0.124006,6.244879,0.879698
6.000000,7.533333,3.891333,0.863281,-2.801577,-0.145585
-1.000000,7.533333,0.068169,0.125294,6.244879,0.879698
6.000000,7.550000,3.869903,0.862403,-2.801577,-0.145585
-1.000000,7.550000,0.077045,0.126580,6.244879,0.879698
6.000000,7.566667,3.848461,0.861523,-2.801577,-0.145585
-1.000000,7.566667,0.085910,0.127867,6.244879,0.879698
6.000000,7.583333,3.827009,0.860640,-2.801577,-0.145585
-1.000000,7.583333,0.094765,0.129152,6.244879,0.879698
6.000000,7.600000,3.805545,0.859754,-2.801577,-0.145585
-1.000000,7.600000,0.103610,0.130438,6.244879,0.879698
6.000000,7.616667,3.784071,0.858864,-2.801577,-0.145585
-1.000000,7.616667,0.112446,0.131723,6.244879,0.879698
6.000000,7.633333,3.762586,0.857969,-2.801577,-0.145585
-1.000000,7.633333,0.121271,0.133008,6.244879,0.879698
6.000000,7.650000,3.741090,0.857070,-2.801577,-0.145585
-1.000000,7.650000,0.130087,0.134294,6.244879,0.879698
6.000000,7.666667,3.719584,0.856165,-2.801577,-0.145585
-1.000000,7.666667,0.138894,0.135579,6.244879,0.879698
6.000000,7.683333,3.698068,0.855255,-2.801577,-0.145585
-1.000000,7.683333,0.147693,0.136864,6.244879,0.879698
6.000000,7.700000,3.676543,0.854337,-2.801577,-0.145585
-1.000000,7.700000,0.156483,0.138149,6.244879,0.879698
6.000000,7.716667,3.655010,0.853413,-2.801577,-0.145585
-1.000000,7.716667,0.165265,0.139433,6.244879,0.879698
6.000000,7.733333,3.633470,0.852481,-2.801577,-0.145585
-1.000000,7.733333,0.174039,0.140718,6.244879,0.879698
6.000000,7.750000,3.611924,0.851541,-2.801577,-0.145585
-1.000000,7.750000,0.182805,0.142003,6.244879,0.879698
6.000000,7.766667,3.590372,0.850593,-2.801577,-0.145585
-1.000000,7.766667,0.191564,0.143288,6.244879,0.879698
6.000000,7.783333,3.568816,0.849638,-2.801577,-0.145585
-1.000000,7.783333,0.200315,0.144573,6.244879,0.879698
6.000000,7.800000,3.547255,0.848676,-2.801577,-0.145585
-1.000000,7.800000,0.209058,0.145859,6.244879,0.879698
6.000000,7.816667,3.525692,0.847707,-2.801577,-0.145585
-1.000000,7.816667,0.217794,0.147145,6.244879,0.879698
6.000000,7.833333,3.504127,0.846732,-2.801577,-0.145585
-1.000000,7.833333,0.226523,0.148431,6.244879,0.879698
6.000000,7.850000,3.482560,0.845753,-2.801577,-0.145585
-1.000000,7.850000,0.235243,0.149717,6.244879,0.879698
6.000000,7.866667,3.460993,0.844770,-2.801577,-0.145585
-1.000000,7.866667,0.243956,0.151004,6.244879,0.879698
6.000000,7.883333,3.439427,0.843785,-2.801577,-0.145585
-1.000000,7.883333,0.252660,0.152292,6.244879,0.879698
6.000000,7.900000,3.417864,0.842798,-2.801577,-0.145585
-1.000000,7.900000,0.261356,0.153580,6.244879,0.879698
6.000000,7.916667,3.396303,0.841811,-2.801577,-0.145585
-1.000000,7.916667,0.270043,0.154869,6.244879,0.879698
6.000000,7.933333,3.374749,0.840825,-2.801577,-0.145585
-1.000000,7.933333,0.278721,0.156158,6.244879,0.879698
6.000000,7.950000,3.353201,0.839841,-2.801577,-0.145585
-1.000000,7.950000,0.287391,0.157447,6.244879,0.879698
6.000000,7.966667,3.331662,0.838859,-2.801577,-0.145585
-1.000000,7.966667,0.296052,0.158735,6.244879,0.879698
6.000000,7.983333,3.310134,0.837881,-2.801577,-0.145585
-1.000000,7.983333,0.304706,0.160021,6.244879,0.879698
6.000000,8.000000,3.288618,0.836907,-2.801577,-0.145585
-1.000000,8.000000,0.313352,0.161307,6.244879,0.879698
6.000000,8.016667,3.267114,0.835939,-2.801577,-0.145585
-1.000000,8.016667,0.321992,0.162589,6.244879,0.879698
6.000000,8.033333,3.245625,0.834977,-2.801577,-0.145585
-1.000000,8.033333,0.330624,0.163869,6.244879,0.879698
6.000000,8.050000,3.224151,0.834023,-2.801577,-0.145585
-1.000000,8.050000,0.339249,0.165144,6.244879,0.879698
6.000000,8.066667,3.202694,0.833078,-2.801577,-0.145585
-1.000000,8.066667,0.347868,0.166415,6.244879,0.879698
6.000000,8.083333,3.181252,0.832143,-2.801577,-0.145585
-1.000000,8.083333,0.356480,0.167680,6.244879,0.879698
6.000000,8.100000,3.159828,0.831218,-2.801577,-0.145585
-1.000000,8.100000,0.365085,0.168938,6.244879,0.879698
6.000000,8.116667,3.138422,0.830306,-2.801577,-0.145585
-1.000000,8.116667,0.373684,0.170190,6.244879,0.879698
6.000000,8.133333,3.117034,0.829407,-2.801577,-0.145585
-1.000000,8.133333,0.382277,0.171434,6.244879,0.879698
6.000000,8.150000,3.095665,0.828522,-2.801577,-0.145585
-1.000000,8.150000,0.390864,0.172669,6.244879,0.879698
6.000000,8.166667,3.074314,0.827652,-2.801577,-0.145585
-1.000000,8.166667,0.399447,0.173896,6.244879,0.879698
6.000000,8.183333,3.052982,0.826799,-2.801577,-0.145585
-1.000000,8.183333,0.408024,0.175113,6.244879,0.879698
6.000000,8.200000,3.031668,0.825964,-2.801577,-0.145585
-1.000000,8.200000,0.416597,0.176320,6.244879,0.879698
6.000000,8.216667,3.010372,0.825148,-2.801577,-0.145585
-1.000000,8.216667,0.425165,0.177515,6.244879,0.879698
6.000000,8.233333,2.989093,0.824351,-2.801577,-0.145585
-1.000000,8.233333,0.433729,0.178700,6.244879,0.879698
6.000000,8.250000,2.967831,0.823575,-2.801577,-0.145585
-1.000000,8.250000,0.442287,0.179872,6.244879,0.879698
6.000000,8.266667,2.946585,0.822821,-2.801577,-0.145585
-1.000000,8.266667,0.450840,0.181030,6.244879,0.879698
6.000000,8.283333,2.925356,0.822091,-2.801577,-0.145585
-1.000000,8.283333,0.459389,0.182175,6.244879,0.879698
6.000000,8.300000,2.904142,0.821383,-2.801577,-0.145585
-1.000000,8.300000,0.467932,0.183305,6.244879,0.879698
6.000000,8.316667,2.882946,0.820700,-2.801577,-0.145585
-1.000000,8.316667,0.476470,0.184420,6.244879,0.879698
6.000000,8.333333,2.861766,0.820041,-2.801577,-0.145585
-1.000000,8.333333,0.485004,0.185517,6.244879,0.879698
6.000000,8.350000,2.840603,0.819407,-2.801577,-0.145585
-1.000000,8.350000,0.493533,0.186597,6.244879,0.879698
6.000000,8.366667,2.819458,0.818798,-2.801577,-0.145585
-1.000000,8.366667,0.502058,0.187658,6.244879,0.879698
6.000000,8.383333,2.798331,0.818214,-2.801577,-0.145585
-1.000000,8.383333,0.510579,0.188700,6.244879,0.879698
6.000000,8.400000,2.777223,0.817654,-2.801577,-0.145585
-1.000000,8.400000,0.519095,0.189721,6.244879,0.879698
6.000000,8.416667,2.756134,0.817118,-2.801577,-0.145585
-1.000000,8.416667,0.527608,0.190722,6.244879,0.879698
6.000000,8.433333,2.735063,0.816605,-2.801577,-0.145585
-1.000000,8.433333,0.536117,0.191701,6.244879,0.879698
6.000000,8.450000,2.714013,0.816113,-2.801577,-0.145585
-1.000000,8.450000,0.544622,0.192656,6.244879,0.879698
6.000000,8.466667,2.692982,0.815643,-2.801577,-0.145585
-1.000000,8.466667,0.553123,0.193587,6.244879,0.879698
6.000000,8.483333,2.671971,0.815193,-2.801577,-0.145585
-1.000000,8.483333,0.561621,0.194493,6.244879,0.879698
6.000000,8.500000,2.650981,0.814762,-2.801577,-0.145585
-1.000000,8.500000,0.570115,0.195372,6.244879,0.879698
6.000000,8.516667,2.630013,0.814348,-2.801577,-0.145585
-1.000000,8.516667,0.578604,0.196224,6.244879,0.879698
6.000000,8.533333,2.609067,0.813950,-2.801577,-0.145585
-1.000000,8.533333,0.587090,0.197046,6.244879,0.879698
6.000000,8.550000,2.588144,0.813566,-2.801577,-0.145585
-1.000000,8.550000,0.595572,0.197839,6.244879,0.879698
6.000000,8.566667,2.567245,0.813196,-2.801577,-0.145585
-1.000000,8.566667,0.604051,0.198602,6.244879,0.879698
6.000000,8.583333,2.546370,0.812838,-2.801577,-0.145585
-1.000000,8.583333,0.612525,0.199334,6.244879,0.879698
6.000000,8.600000,2.525521,0.812490,-2.801577,-0.145585
-1.000000,8.600000,0.620996,0.200035,6.244879,0.879698
6.000000,8.616667,2.504697,0.812151,-2.801577,-0.145585
-1.000000,8.616667,0.629464,0.200705,6.244879,0.879698
6.000000,8.633333,2.483902,0.811820,-2.801577,-0.145585
-1.000000,8.633333,0.637928,0.201343,6.244879,0.879698
6.000000,8.650000,2.463134,0.811496,-2.801577,-0.145585
-1.000000,8.650000,0.646388,0.201948,6.244879,0.879698
6.000000,8.666667,2.442394,0.811177,-2.801577,-0.145585
-1.000000,8.666667,0.654844,0.202521,6.244879,0.879698
6.000000,8.683333,2.421685,0.810862,-2.801577,-0.145585
-1.000000,8.683333,0.663295,0.203059,6.244879,0.879698
6.000000,8.700000,2.401005,0.810549,-2.801577,-0.145585
-1.000000,8.700000,0.671741,0.203563,6.244879,0.879698
6.000000,8.716667,2.380357,0.810237,-2.801577,-0.145585
-1.000000,8.716667,0.680183,0.204030,6.244879,0.879698
6.000000,8.733333,2.359741,0.809924,-2.801577,-0.145585
-1.000000,8.733333,0.688620,0.204460,6.244879,0.879698
6.000000,8.750000,2.339158,0.809608,-2.801577,-0.145585
-1.000000,8.750000,0.697052,0.204852,6.244879,0.879698
6.000000,8.766667,2.318607,0.809288,-2.801577,-0.145585
-1.000000,8.766667,0.705479,0.205204,6.244879,0.879698
6.000000,8.783333,2.298089,0.808962,-2.801577,-0.145585
-1.000000,8.783333,0.713901,0.205516,6.244879,0.879698
6.000000,8.800000,2.277603,0.808628,-2.801577,-0.145585
-1.000000,8.800000,0.722319,0.205787,6.244879,0.879698
6.000000,8.816667,2.257150,0.808285,-2.801577,-0.145585
-1.000000,8.816667,0.730731,0.206016,6.244879,0.879698
6.000000,8.833333,2.236728,0.807930,-2.801577,-0.145585
-1.000000,8.833333,0.739139,0.206202,6.244879,0.879698
6.000000,8.850000,2.216339,0.807562,-2.801577,-0.145585
-1.000000,8.850000,0.747542,0.206346,6.244879,0.879698
6.000000,8.866667,2.195981,0.807180,-2.801577,-0.145585
-1.000000,8.866667,0.755941,0.206445,6.244879,0.879698
6.000000,8.883333,2.175655,0.806782,-2.801577,-0.145585
-1.000000,8.883333,0.764335,0.206500,6.244879,0.879698
6.000000,8.900000,2.155362,0.806369,-2.801577,-0.145585
-1.000000,8.900000,0.772725,0.206510,6.244879,0.879698
6.000000,8.916667,2.135102,0.805938,-2.801577,-0.145585
-1.000000,8.916667,0.781109,0.206474,6.244879,0.879698
6.000000,8.933333,2.114874,0.805489,-2.801577,-0.145585
-1.000000,8.933333,0.789489,0.206392,6.244879,0.879698
6.000000,8.950000,2.094678,0.805023,-2.801577,-0.145585
-1.000000,8.950000,0.797864,0.206262,6.244879,0.879698
6.000000,8.966667,2.074516,0.804539,-2.801577,-0.145585
-1.000000,8.966667,0.806234,0.206085,6.244879,0.879698
6.000000,8.983333,2.054388,0.804036,-2.801577,-0.145585
-1.000000,8.983333,0.814597,0.205858,6.244879,0.879698
6.000000,9.000000,2.034294,0.803516,-2.801577,-0.145585
-1.000000,9.000000,0.822954,0.205582,6.244879,0.879698
6.000000,9.016667,2.014233,0.802977,-2.801577,-0.145585
-1.000000,9.016667,0.831305,0.205256,6.244879,0.879698
6.000000,9.033333,1.994207,0.802420,-2.801577,-0.145585
-1.000000,9.033333,0.839648,0.204879,6.244879,0.879698
6.000000,9.050000,1.974215,0.801845,-2.801577,-0.145585
-1.000000,9.050000,0.847984,0.204451,6.244879,0.879698
6.000000,9.066667,1.954258,0.801251,-2.801577,-0.145585
-1.000000,9.066667,0.856311,0.203971,6.244879,0.879698
6.000000,9.083333,1.934335,0.800639,-2.801577,-0.145585
-1.000000,9.083333,0.864630,0.203440,6.244879,0.879698
6.000000,9.100000,1.914447,0.800008,-2.801577,-0.145585
-1.000000,9.100000,0.872940,0.202856,6.244879,0.879698
6.000000,9.116667,1.894593,0.799358,-2.801577,-0.145585
-1.000000,9.116667,0.881241,0.202219,6.244879,0.879698
6.000000,9.133333,1.874773,0.798689,-2.801577,-0.145585
-1.000000,9.133333,0.889534,0.201529,6.244879,0.879698
6.000000,9.150000,1.854986,0.798000,-2.801577,-0.145585
-1.000000,9.150000,0.897817,0.200785,6.244879,0.879698
6.000000,9.166667,1.835233,0.797293,-2.801577,-0.145585
-1.000000,9.166667,0.906093,0.199985,6.244879,0.879698
6.000000,9.183333,1.815512,0.796566,-2.801577,-0.145585
-1.000000,9.183333,0.914359,0.199128,6.244879,0.879698
6.000000,9.200000,1.795823,0.795820,-2.801577,-0.145585
-1.000000,9.200000,0.922616,0.198215,6.244879,0.879698
6.000000,9.216667,1.776165,0.795055,-2.801577,-0.145585
-1.000000,9.216667,0.930862,0.197245,6.244879,0.879698
6.000000,9.233333,1.756538,0.794271,-2.801577,-0.145585
-1.000000,9.233333,0.939094,0.196218,6.244879,0.879698
6.000000,9.250000,1.736942,0.793468,-2.801577,-0.145585
-1.000000,9.250000,0.947313,0.195134,6.244879,0.879698
6.000000,9.266667,1.717375,0.792647,-2.801577,-0.145585
-1.000000,9.266667,0.955517,0.193993,6.244879,0.879698
6.000000,9.283333,1.697837,0.791807,-2.801577,-0.145585
-1.000000,9.283333,0.963705,0.192797,6.244879,0.879698
6.000000,9.300000,1.678327,0.790949,-2.801577,-0.145585
-1.000000,9.300000,0.971877,0.191546,6.244879,0.879698
6.000000,9.316667,1.658844,0.790073,-2.801577,-0.145585
-1.000000,9.316667,0.980034,0.190240,6.244879,0.879698
6.000000,9.333333,1.639387,0.789180,-2.801577,-0.145585
-1.000000,9.333333,0.988176,0.188879,6.244879,0.879698
6.000000,9.350000,1.619954,0.788269,-2.801577,-0.145585
-1.000000,9.350000,0.996305,0.187466,6.244879,0.879698
6.000000,9.366667,1.600545,0.787341,-2.801577,-0.145585
-1.000000,9.366667,1.004421,0.185999,6.244879,0.879698
6.000000,9.383333,1.581158,0.786396,-2.801577,-0.145585
-1.000000,9.383333,1.012525,0.184480,6.244879,0.879698
6.000000,9.400000,1.561792,0.785435,-2.801577,-0.145585
-1.000000,9.400000,1.020618,0.182909,6.244879,0.879698
6.000000,9.416667,1.542446,0.784457,-2.801577,-0.145585
-1.000000,9.416667,1.028700,0.181286,6.244879,0.879698
6.000000,9.433333,1.523120,0.783462,-2.801577,-0.145585
-1.000000,9.433333,1.036772,0.179611,6.244879,0.879698
6.000000,9.450000,1.503811,0.782450,-2.801577,-0.145585
-1.000000,9.450000,1.044835,0.177885,6.244879,0.879698
6.000000,9.466667,1.484520,0.781421,-2.801577,-0.145585
-1.000000,9.466667,1.052890,0.176107,6.244879,0.879698
6.000000,9.483333,1.465247,0.780372,-2.801577,-0.145585
-1.000000,9.483333,1.060936,0.174280,6.244879,0.879698
6.000000,9.500000,1.445992,0.779305,-2.801577,-0.145585
-1.000000,9.500000,1.068974,0.172402,6.244879,0.879698
6.000000,9.516667,1.426754,0.778217,-2.801577,-0.145585
-1.000000,9.516667,1.077005,0.170475,6.244879,0.879698
6.000000,9.533333,1.407533,0.777107,-2.801577,-0.145585
-1.000000,9.533333,1.085030,0.168502,6.244879,0.879698
6.000000,9.550000,1.388329,0.775976,-2.801577,-0.145585
-1.000000,9.550000,1.093047,0.166482,6.244879,0.879698
6.000000,9.566667,1.369141,0.774821,-2.801577,-0.145585
-1.000000,9.566667,1.101059,0.164418,6.244879,0.879698
6.000000,9.583333,1.349968,0.773642,-2.801577,-0.145585
-1.000000,9.583333,1.109065,0.162311,6.244879,0.879698
6.000000,9.600000,1.330810,0.772438,-2.801577,-0.145585
-1.000000,9.600000,1.117065,0.160163,6.244879,0.879698
6.000000,9.616667,1.311668,0.771207,-2.801577,-0.145585
-1.000000,9.616667,1.125060,0.157973,6.244879,0.879698
6.000000,9.633333,1.292538,0.769948,-2.801577,-0.145585
-1.000000,9.633333,1.133049,0.155744,6.244879,0.879698
6.000000,9.650000,1.273422,0.768661,-2.801577,-0.145585
-1.000000,9.650000,1.141035,0.153476,6.244879,0.879698
6.000000,9.666667,1.254319,0.767343,-2.801577,-0.145585
-1.000000,9.666667,1.149015,0.151171,6.244879,0.879698
6.000000,9.683333,1.235228,0.765993,-2.801577,-0.145585
-1.000000,9.683333,1.156991,0.148830,6.244879,0.879698
6.000000,9.700000,1.216149,0.764610,-2.801577,-0.145585
-1.000000,9.700000,1.164961,0.146454,6.244879,0.879698
6.000000,9.716667,1.197081,0.763193,-2.801577,-0.145585
-1.000000,9.716667,1.172927,0.144045,6.244879,0.879698
6.000000,9.733333,1.178024,0.761741,-2.801577,-0.145585
-1.000000,9.733333,1.180888,0.141605,6.244879,0.879698
6.000000,9.750000,1.158977,0.760251,-2.801577,-0.145585
-1.000000,9.750000,1.188843,0.139136,6.244879,0.879698
6.000000,9.766667,1.139942,0.758723,-2.801577,-0.145585
-1.000000,9.766667,1.196793,0.136638,6.244879,0.879698
6.000000,9.783333,1.120918,0.757155,-2.801577,-0.145585
-1.000000,9.783333,1.204737,0.134114,6.244879,0.879698
6.000000,9.800000,1.101904,0.755545,-2.801577,-0.145585
-1.000000,9.800000,1.212676,0.131565,6.244879,0.879698
6.000000,9.816667,1.082902,0.753891,-2.801577,-0.145585
-1.000000,9.816667,1.220611,0.128994,6.244879,0.879698
6.000000,9.833333,1.063911,0.752192,-2.801577,-0.145585
-1.000000,9.833333,1.228541,0.126401,6.244879,0.879698
6.000000,9.850000,1.044933,0.750447,-2.801577,-0.145585
-1.000000,9.850000,1.236467,0.123789,6.244879,0.879698
6.000000,9.866667,1.025967,0.748654,-2.801577,-0.145585
-1.000000,9.866667,1.244390,0.121158,6.244879,0.879698
6.000000,9.883333,1.007013,0.746811,-2.801577,-0.145585
-1.000000,9.883333,1.252310,0.118511,6.244879,0.879698
6.000000,9.900000,0.988072,0.744917,-2.801577,-0.145585
-1.000000,9.900000,1.260227,0.115848,6.244879,0.879698
6.000000,9.916667,0.969143,0.742972,-2.801577,-0.145585
-1.000000,9.916667,1.268141,0.113173,6.244879,0.879698
6.000000,9.933333,0.950227,0.740974,-2.801577,-0.145585
-1.000000,9.933333,1.276052,0.110485,6.244879,0.879698
6.000000,9.950000,0.931325,0.738922,-2.801577,-0.145585
-1.000000,9.950000,1.283962,0.107786,6.244879,0.879698
6.000000,9.966667,0.912435,0.736816,-2.801577,-0.145585
-1.000000,9.966667,1.291870,0.105077,6.244879,0.879698
6.000000,9.983333,0.893559,0.734657,-2.801577,-0.145585
-1.000000,9.983333,1.299778,0.102359,6.244879,0.879698
6.000000,10.000000,0.874696,0.732443,-2.801577,-0.145585
-1.000000,10.000000,1.307684,0.099635,6.244879,0.879698
6.000000,10.016667,0.855846,0.730176,-2.801577,-0.145585
-1.000000,10.016667,1.315591,0.096905,6.244879,0.879698
6.000000,10.033333,0.837009,0.727855,-2.801577,-0.145585
-1.000000,10.033333,1.323498,0.094170,6.244879,0.879698
6.000000,10.050000,0.818185,0.725480,-2.801577,-0.145585
-1.000000,10.050000,1.331407,0.091433,6.244879,0.879698
6.000000,10.066667,0.799374,0.723054,-2.801577,-0.145585
-1.000000,10.066667,1.339316,0.088694,6.244879,0.879698
6.000000,10.083333,0.780574,0.720575,-2.801577,-0.145585
-1.000000,10.083333,1.347228,0.085955,6.244879,0.879698
6.000000,10.100000,0.761787,0.718046,-2.801577,-0.145585
-1.000000,10.100000,1.355143,0.083218,6.244879,0.879698
6.000000,10.116667,0.743012,0.715465,-2.801577,-0.145585
-1.000000,10.116667,1.363061,0.080484,6.244879,0.879698
6.000000,10.133333,0.724248,0.712835,-2.801577,-0.145585
-1.000000,10.133333,1.370982,0.077754,6.244879,0.879698
6.000000,10.150000,0.705496,0.710156,-2.801577,-0.145585
-1.000000,10.150000,1.378906,0.075029,6.244879,0.879698
6.000000,10.166667,0.686755,0.707430,-2.801577,-0.145585
-1.000000,10.166667,1.386834,0.072310,6.244879,0.879698
6.000000,10.183333,0.668024,0.704656,-2.801577,-0.145585
-1.000000,10.183333,1.394765,0.069600,6.244879,0.879698
6.000000,10.200000,0.649303,0.701837,-2.801577,-0.145585
-1.000000,10.200000,1.402699,0.066899,6.244879,0.879698
6.000000,10.216667,0.630592,0.698973,-2.801577,-0.145585
-1.000000,10.216667,1.410636,0.064210,6.244879,0.879698
6.000000,10.233333,0.611889,0.696067,-2.801577,-0.145585
-1.000000,10.233333,1.418576,0.061534,6.244879,0.879698
6.000000,10.250000,0.593194,0.693118,-2.801577,-0.145585
-1.000000,10.250000,1.426519,0.058872,6.244879,0.879698
6.000000,10.266667,0.574507,0.690129,-2.801577,-0.145585
-1.000000,10.266667,1.434465,0.056226,6.244879,0.879698
6.000000,10.283333,0.555827,0.687101,-2.801577,-0.145585
-1.000000,10.283333,1.442414,0.053598,6.244879,0.879698
6.000000,10.300000,0.537152,0.684036,-2.801577,-0.145585
-1.000000,10.300000,1.450366,0.050988,6.244879,0.879698
6.000000,10.316667,0.518484,0.680934,-2.801577,-0.145585
-1.000000,10.316667,1.458323,0.048399,6.244879,0.879698
6.000000,10.333333,0.499820,0.677798,-2.801577,-0.145585
-1.000000,10.333333,1.466285,0.045832,6.244879,0.879698
6.000000,10.350000,0.481161,0.674630,-2.801577,-0.145585
-1.000000,10.350000,1.474252,0.043286,6.244879,0.879698
6.000000,10.366667,0.462505,0.671431,-2.801577,-0.145585
-1.000000,10.366667,1.482224,0.040764,6.244879,0.879698
6.000000,10.383333,0.443852,0.668203,-2.801577,-0.145585
-1.000000,10.383333,1.490203,0.038267,6.244879,0.879698
6.000000,10.400000,0.425201,0.664947,-2.801577,-0.145585
-1.000000,10.400000,1.498188,0.035796,6.244879,0.879698
6.000000,10.416667,0.406549,0.661666,-2.801577,-0.145585
-1.000000,10.416667,1.506180,0.033352,6.244879,0.879698
6.000000,10.433333,0.387895,0.658361,-2.801577,-0.145585
-1.000000,10.433333,1.514179,0.030936,6.244879,0.879698
6.000000,10.450000,0.369237,0.655032,-2.801577,-0.145585
-1.000000,10.450000,1.522186,0.028552,6.244879,0.879698
6.000000,10.466667,0.350573,0.651682,-2.801577,-0.145585
-1.000000,10.466667,1.530201,0.026198,6.244879,0.879698
6.000000,10.483333,0.331901,0.648312,-2.801577,-0.145585
-1.000000,10.483333,1.538224,0.023878,6.244879,0.879698
6.000000,10.500000,0.313221,0.644923,-2.801577,-0.145585
-1.000000,10.500000,1.546256,0.021592,6.244879,0.879698
6.000000,10.516667,0.294530,0.641516,-2.801577,-0.145585
-1.000000,10.516667,1.554297,0.019340,6.244879,0.879698
6.000000,10.533333,0.275829,0.638091,-2.801577,-0.145585
-1.000000,10.533333,1.562345,0.017124,6.244879,0.879698
6.000000,10.550000,0.257118,0.634650,-2.801577,-0.145585
-1.000000,10.550000,1.570402,0.014943,6.244879,0.879698
6.000000,10.566667,0.238396,0.631194,-2.801577,-0.145585
-1.000000,10.566667,1.578467,0.012798,6.244879,0.879698
6.000000,10.583333,0.219662,0.627722,-2.801577,-0.145585
-1.000000,10.583333,1.586540,0.010689,6.244879,0.879698
6.000000,10.600000,0.200915,0.624236,-2.801577,-0.145585
-1.000000,10.600000,1.594621,0.008616,6.244879,0.879698
6.000000,10.616667,0.182158,0.620735,-2.801577,-0.145585
-1.000000,10.616667,1.602710,0.006579,6.244879,0.879698
6.000000,10.633333,0.163389,0.617220,-2.801577,-0.145585
-1.000000,10.633333,1.610807,0.004579,6.244879,0.879698
6.000000,10.650000,0.144610,0.613690,-2.801577,-0.145585
-1.000000,10.650000,1.618912,0.002617,6.244879,0.879698
6.000000,10.666667,0.125820,0.610146,-2.801577,-0.145585
-1.000000,10.666667,1.627025,0.000691,6.244879,0.879698
6.000000,10.683333,0.107020,0.606587,-2.801577,-0.145585
-1.000000,10.683333,1.635145,-0.001196,6.244879,0.879698
6.000000,10.700000,0.088211,0.603013,-2.801577,-0.145585
-1.000000,10.700000,1.643273,-0.003045,6.244879,0.879698
6.000000,10.716667,0.069393,0.599424,-2.801577,-0.145585
-1.000000,10.716667,1.651408,-0.004855,6.244879,0.879698
6.000000,10.733333,0.050567,0.595821,-2.801577,-0.145585
-1.000000,10.733333,1.659550,-0.006626,6.244879,0.879698
6.000000,10.750000,0.031733,0.592203,-2.801577,-0.145585
-1.000000,10.750000,1.667699,-0.008357,6.244879,0.879698
6.000000,10.766667,0.012893,0.588570,-2.801577,-0.145585
-1.000000,10.766667,1.675855,-0.010048,6.244879,0.879698
6.000000,10.783333,-0.005953,0.584923,-2.801577,-0.145585
-1.000000,10.783333,1.684018,-0.011700,6.244879,0.879698
6.000000,10.800000,-0.024803,0.581261,-2.801577,-0.145585
-1.000000,10.800000,1.692188,-0.013311,6.244879,0.879698
6.000000,10.816667,-0.043657,0.577585,-2.801577,-0.145585
-1.000000,10.816667,1.700365,-0.014881,6.244879,0.879698
6.000000,10.833333,-0.062514,0.573893,-2.801577,-0.145585
-1.000000,10.833333,1.708550,-0.016411,6.244879,0.879698
6.000000,10.850000,-0.081373,0.570186,-2.801577,-0.145585
-1.000000,10.850000,1.716743,-0.017901,6.244879,0.879698
6.000000,10.866667,-0.100232,0.566464,-2.801577,-0.145585
-1.000000,10.866667,1.724944,-0.019352,6.244879,0.879698
6.000000,10.883333,-0.119091,0.562727,-2.801577,-0.145585
-1.000000,10.883333,1.733152,-0.020762,6.244879,0.879698
6.000000,10.900000,-0.137949,0.558973,-2.801577,-0.145585
-1.000000,10.900000,1.741368,-0.022134,6.244879,0.879698
6.000000,10.916667,-0.156805,0.555202,-2.801577,-0.145585
-1.000000,10.916667,1.749590,-0.023466,6.244879,0.879698
6.000000,10.933333,-0.175658,0.551414,-2.801577,-0.145585
-1.000000,10.933333,1.757819,-0.024760,6.244879,0.879698
6.000000,10.950000,-0.194508,0.547607,-2.801577,-0.145585
-1.000000,10.950000,1.766054,-0.026015,6.244879,0.879698
6.000000,10.966667,-0.213354,0.543781,-2.801577,-0.145585
-1.000000,10.966667,1.774295,-0.027232,6.244879,0.879698
6.000000,10.983333,-0.232195,0.539935,-2.801577,-0.145585
-1.000000,10.983333,1.782541,-0.028411,6.244879,0.879698
6.000000,11.000000,-0.251032,0.536067,-2.801577,-0.145585
-1.000000,11.000000,1.790793,-0.029552,6.244879,0.879698
6.000000,11.016667,-0.269863,0.532176,-2.801577,-0.145585
-1.000000,11.016667,1.799050,-0.030655,6.244879,0.879698
6.000000,11.033333,-0.288688,0.528263,-2.801577,-0.145585
-1.000000,11.033333,1.807313,-0.031721,6.244879,0.879698
6.000000,11.050000,-0.307507,0.524324,-2.801577,-0.145585
-1.000000,11.050000,1.815582,-0.032749,6.244879,0.879698
6.000000,11.066667,-0.326320,0.520361,-2.801577,-0.145585
-1.000000,11.066667,1.823856,-0.033740,6.244879,0.879698
6.000000,11.083333,-0.345124,0.516371,-2.801577,-0.145585
-1.000000,11.083333,1.832135,-0.034695,6.244879,0.879698
6.000000,11.100000,-0.363920,0.512354,-2.801577,-0.145585
-1.000000,11.100000,1.840419,-0.035615,6.244879,0.879698
6.000000,11.116667,-0.382708,0.508309,-2.801577,-0.145585
-1.000000,11.116667,1.848706,-0.036499,6.244879,0.879698
6.000000,11.133333,-0.401488,0.504236,-2.801577,-0.145585
-1.000000,11.133333,1.856997,-0.037348,6.244879,0.879698
6.000000,11.150000,-0.420259,0.500135,-2.801577,-0.145585
-1.000000,11.150000,1.865290,-0.038163,6.244879,0.879698
6.000000,11.166667,-0.439023,0.496006,-2.801577,-0.145585
-1.000000,11.166667,1.873586,-0.038944,6.244879,0.879698
6.000000,11.183333,-0.457779,0.491847,-2.801577,-0.145585
-1.000000,11.183333,1.881883,-0.039689,6.244879,0.879698
6.000000,11.200000,-0.476528,0.487661,-2.801577,-0.145585
-1.000000,11.200000,1.890183,-0.040400,6.244879,0.879698
6.000000,11.216667,-0.495272,0.483446,-2.801577,-0.145585
-1.000000,11.216667,1.898484,-0.041074,6.244879,0.879698
6.000000,11.233333,-0.514010,0.479203,-2.801577,-0.145585
-1.000000,11.233333,1.906788,-0.041712,6.244879,0.879698
6.000000,11.250000,-0.532744,0.474933,-2.801577,-0.145585
-1.000000,11.250000,1.915093,-0.042314,6.244879,0.879698
6.000000,11.266667,-0.551473,0.470635,-2.801577,-0.145585
-1.000000,11.266667,1.923400,-0.042878,6.244879,0.879698
6.000000,11.283333,-0.570199,0.466310,-2.801577,-0.145585
-1.000000,11.283333,1.931709,-0.043404,6.244879,0.879698
6.000000,11.300000,-0.588921,0.461957,-2.801577,-0.145585
-1.000000,11.300000,1.940018,-0.043893,6.244879,0.879698
6.000000,11.316667,-0.607641,0.457578,-2.801577,-0.145585
-1.000000,11.316667,1.948329,-0.044344,6.244879,0.879698
6.000000,11.333333,-0.626360,0.453173,-2.801577,-0.145585
-1.000000,11.333333,1.956642,-0.044757,6.244879,0.879698
6.000000,11.350000,-0.645078,0.448742,-2.801577,-0.145585
-1.000000,11.350000,1.964956,-0.045134,6.244879,0.879698
6.000000,11.366667,-0.663797,0.444285,-2.801577,-0.145585
-1.000000,11.366667,1.973271,-0.045474,6.244879,0.879698
6.000000,11.383333,-0.682517,0.439802,-2.801577,-0.145585
-1.000000,11.383333,1.981588,-0.045778,6.244879,0.879698
6.000000,11.400000,-0.701238,0.435295,-2.801577,-0.145585
-1.000000,11.400000,1.989907,-0.046046,6.244879,0.879698
6.000000,11.416667,-0.719962,0.430762,-2.801577,-0.145585
-1.000000,11.416667,1.998226,-0.046281,6.244879,0.879698
6.000000,11.433333,-0.738690,0.426204,-2.801577,-0.145585
-1.000000,11.433333,2.006547,-0.046481,6.244879,0.879698
6.000000,11.450000,-0.757424,0.421622,-2.801577,-0.145585
-1.000000,11.450000,2.014870,-0.046649,6.244879,0.879698
6.000000,11.466667,-0.776163,0.417016,-2.801577,-0.145585
-1.000000,11.466667,2.023194,-0.046784,6.244879,0.879698
6.000000,11.483333,-0.794908,0.412387,-2.801577,-0.145585
-1.000000,11.483333,2.031520,-0.046888,6.244879,0.879698
6.000000,11.500000,-0.813661,0.407735,-2.801577,-0.145585
-1.000000,11.500000,2.039846,-0.046960,6.244879,0.879698
6.000000,11.516667,-0.832420,0.403062,-2.801577,-0.145585
-1.000000,11.516667,2.048174,-0.047001,6.244879,0.879698
6.000000,11.533333,-0.851188,0.398369,-2.801577,-0.145585
-1.000000,11.533333,2.056502,-0.047012,6.244879,0.879698
6.000000,11.550000,-0.869964,0.393656,-2.801577,-0.145585
-1.000000,11.550000,2.064829,-0.046991,6.244879,0.879698
6.000000,11.566667,-0.888749,0.388925,-2.801577,-0.145585
-1.000000,11.566667,2.073157,-0.046939,6.244879,0.879698
6.000000,11.583333,-0.907544,0.384176,-2.801577,-0.145585
-1.000000,11.583333,2.081484,-0.046857,6.244879,0.879698
6.000000,11.600000,-0.926348,0.379410,-2.801577,-0.145585
-1.000000,11.600000,2.089811,-0.046745,6.244879,0.879698
6.000000,11.616667,-0.945163,0.374629,-2.801577,-0.145585
-1.000000,11.616667,2.098139,-0.046603,6.244879,0.879698
6.000000,11.633333,-0.963988,0.369832,-2.801577,-0.145585
-1.000000,11.633333,2.106467,-0.046431,6.244879,0.879698
6.000000,11.650000,-0.982823,0.365022,-2.801577,-0.145585
-1.000000,11.650000,2.114795,-0.046231,6.244879,0.879698
6.000000,11.666667,-1.001669,0.360198,-2.801577,-0.145585
-1.000000,11.666667,2.123125,-0.046002,6.244879,0.879698
6.000000,11.683333,-1.020525,0.355363,-2.801577,-0.145585
-1.000000,11.683333,2.131456,-0.045747,6.244879,0.879698
6.000000,11.700000,-1.039392,0.350516,-2.801577,-0.145585
-1.000000,11.700000,2.139788,-0.045465,6.244879,0.879698
6.000000,11.716667,-1.058269,0.345657,-2.801577,-0.145585
-1.000000,11.716667,2.148120,-0.045157,6.244879,0.879698
6.000000,11.733333,-1.077157,0.340788,-2.801577,-0.145585
-1.000000,11.733333,2.156453,-0.044824,6.244879,0.879698
6.000000,11.750000,-1.096054,0.335908,-2.801577,-0.145585
-1.000000,11.750000,2.164785,-0.044466,6.244879,0.879698
6.000000,11.766667,-1.114959,0.331017,-2.801577,-0.145585
-1.000000,11.766667,2.173117,-0.044084,6.244879,0.879698
6.000000,11.783333,-1.133873,0.326115,-2.801577,-0.145585
-1.000000,11.783333,2.181449,-0.043678,6.244879,0.879698
6.000000,11.800000,-1.152795,0.321204,-2.801577,-0.145585
-1.000000,11.800000,2.189781,-0.043250,6.244879,0.879698
6.000000,11.816667,-1.171723,0.316282,-2.801577,-0.145585
-1.000000,11.816667,2.198111,-0.042800,6.244879,0.879698
6.000000,11.833333,-1.190656,0.311350,-2.801577,-0.145585
-1.000000,11.833333,2.206442,-0.042327,6.244879,0.879698
6.000000,11.850000,-1.209594,0.306410,-2.801577,-0.145585
-1.000000,11.850000,2.214771,-0.041834,6.244879,0.879698
6.000000,11.866667,-1.228534,0.301461,-2.801577,-0.145585
-1.000000,11.866667,2.223101,-0.041320,6.244879,0.879698
6.000000,11.883333,-1.247477,0.296505,-2.801577,-0.145585
-1.000000,11.883333,2.231430,-0.040785,6.244879,0.879698
6.000000,11.900000,-1.266419,0.291542,-2.801577,-0.145585
-1.000000,11.900000,2.239758,-0.040231,6.244879,0.879698
6.000000,11.916667,-1.285361,0.286572,-2.801577,-0.145585
-1.000000,11.916667,2.248086,-0.039657,6.244879,0.879698
6.000000,11.933333,-1.304301,0.281596,-2.801577,-0.145585
-1.000000,11.933333,2.256414,-0.039065,6.244879,0.879698
6.000000,11.950000,-1.323237,0.276615,-2.801577,-0.145585
-1.000000,11.950000,2.264742,-0.038453,6.244879,0.879698
6.000000,11.966667,-1.342169,0.271629,-2.801577,-0.145585
-1.000000,11.966667,2.273070,-0.037824,6.244879,0.879698
6.000000,11.983333,-1.361096,0.266638,-2.801577,-0.145585
-1.000000,11.983333,2.281398,-0.037176,6.244879,0.879698
6.000000,12.000000,-1.380016,0.261643,-2.801577,-0.145585
-1.000000,12.000000,2.289727,-0.036511,6.244879,0.879698
6.000000,12.016667,-1.398928,0.256643,-2.801577,-0.145585
-1.000000,12.016667,2.298057,-0.035828,6.244879,0.879698
6.000000,12.033333,-1.417830,0.251640,-2.801577,-0.145585
-1.000000,12.033333,2.306388,-0.035129,6.244879,0.879698
6.000000,12.050000,-1.436722,0.246632,-2.801577,-0.145585
-1.000000,12.050000,2.314720,-0.034413,6.244879,0.879698
6.000000,12.066667,-1.455603,0.241619,-2.801577,-0.145585
-1.000000,12.066667,2.323054,-0.033681,6.244879,0.879698
6.000000,12.083333,-1.474471,0.236601,-2.801577,-0.145585
-1.000000,12.083333,2.331389,-0.032933,6.244879,0.879698
6.000000,12.100000,-1.493326,0.231578,-2.801577,-0.145585
-1.000000,12.100000,2.339726,-0.032171,6.244879,0.879698
6.000000,12.116667,-1.512166,0.226550,-2.801577,-0.145585
-1.000000,12.116667,2.348063,-0.031395,6.244879,0.879698
6.000000,12.133333,-1.530991,0.221516,-2.801577,-0.145585
-1.000000,12.133333,2.356402,-0.030605,6.244879,0.879698
6.000000,12.150000,-1.549799,0.216477,-2.801577,-0.145585
-1.000000,12.150000,2.364743,-0.029801,6.244879,0.879698
6.000000,12.166667,-1.568591,0.211431,-2.801577,-0.145585
-1.000000,12.166667,2.373084,-0.028985,6.244879,0.879698
6.000000,12.183333,-1.587364,0.206379,-2.801577,-0.145585
-1.000000,12.183333,2.381425,-0.028157,6.244879,0.879698
6.000000,12.200000,-1.606119,0.201320,-2.801577,-0.145585
-1.000000,12.200000,2.389766,-0.027318,6.244879,0.879698
6.000000,12.216667,-1.624854,0.196254,-2.801577,-0.145585
-1.000000,12.216667,2.398107,-0.026467,6.244879,0.879698
6.000000,12.233333,-1.643569,0.191181,-2.801577,-0.145585
-1.000000,12.233333,2.406446,-0.025607,6.244879,0.879698
6.000000,12.250000,-1.662262,0.186100,-2.801577,-0.145585
-1.000000,12.250000,2.414783,-0.024737,6.244879,0.879698
6.000000,12.266667,-1.680934,0.181012,-2.801577,-0.145585
-1.000000,12.266667,2.423119,-0.023857,6.244879,0.879698
6.000000,12.283333,-1.699583,0.175916,-2.801577,-0.145585
-1.000000,12.283333,2.431454,-0.022966,6.244879,0.879698
6.000000,12.300000,-1.718210,0.170813,-2.801577,-0.145585
-1.000000,12.300000,2.439787,-0.022066,6.244879,0.879698
6.000000,12.316667,-1.736813,0.165702,-2.801577,-0.145585
-1.000000,12.316667,2.448119,-0.021155,6.244879,0.879698
6.000000,12.333333,-1.755392,0.160584,-2.801577,-0.145585
-1.000000,12.333333,2.456450,-0.020232,6.244879,0.879698
6.000000,12.350000,-1.773947,0.155460,-2.801577,-0.145585
-1.000000,12.350000,2.464781,-0.019297,6.244879,0.879698
6.000000,12.366667,-1.792477,0.150330,-2.801577,-0.145585
-1.000000,12.366667,2.473113,-0.018349,6.244879,0.879698
6.000000,12.383333,-1.810981,0.145196,-2.801577,-0.145585
-1.000000,12.383333,2.481445,-0.017389,6.244879,0.879698
6.000000,12.400000,-1.829459,0.140058,-2.801577,-0.145585
-1.000000,12.400000,2.489778,-0.016415,6.244879,0.879698
6.000000,12.416667,-1.847908,0.134917,-2.801577,-0.145585
-1.000000,12.416667,2.498112,-0.015429,6.244879,0.879698
6.000000,12.433333,-1.866329,0.129774,-2.801577,-0.145585
-1.000000,12.433333,2.506447,-0.014430,6.244879,0.879698
6.000000,12.450000,-1.884719,0.124630,-2.801577,-0.145585
-1.000000,12.450000,2.514781,-0.013419,6.244879,0.879698
6.000000,12.466667,-1.903079,0.119486,-2.801577,-0.145585
-1.000000,12.466667,2.523116,-0.012396,6.244879,0.879698
6.000000,12.483333,-1.921406,0.114344,-2.801577,-0.145585
-1.000000,12.483333,2.531449,-0.011363,6.244879,0.879698
6.000000,12.500000,-1.939700,0.109203,-2.801577,-0.145585
-1.000000,12.500000,2.539780,-0.010318,6.244879,0.879698
6.000000,12.516667,-1.957959,0.104064,-2.801577,-0.145585
-1.000000,12.516667,2.548109,-0.009264,6.244879,0.879698
6.000000,12.533333,-1.976184,0.098928,-2.801577,-0.145585
-1.000000,12.533333,2.556435,-0.008200,6.244879,0.879698
6.000000,12.550000,-1.994373,0.093796,-2.801577,-0.145585
-1.000000,12.550000,2.564758,-0.007128,6.244879,0.879698
6.000000,12.566667,-2.012525,0.088668,-2.801577,-0.145585
-1.000000,12.566667,2.573078,-0.006047,6.244879,0.879698
6.000000,12.583333,-2.030639,0.083546,-2.801577,-0.145585
-1.000000,12.583333,2.581393,-0.004958,6.244879,0.879698
6.000000,12.600000,-2.048715,0.078431,-2.801577,-0.145585
-1.000000,12.600000,2.589706,-0.003861,6.244879,0.879698
6.000000,12.616667,-2.066752,0.073323,-2.801577,-0.145585
-1.000000,12.616667,2.598015,-0.002757,6.244879,0.879698
6.000000,12.633333,-2.084749,0.068224,-2.801577,-0.145585
-1.000000,12.633333,2.606321,-0.001645,6.244879,0.879698
6.000000,12.650000,-2.102705,0.063136,-2.801577,-0.145585
-1.000000,12.650000,2.614624,-0.000525,6.244879,0.879698
6.000000,12.666667,-2.120620,0.058059,-2.801577,-0.145585
-1.000000,12.666667,2.622926,0.000602,6.244879,0.879698
6.000000,12.683333,-2.138491,0.052996,-2.801577,-0.145585
-1.000000,12.683333,2.631225,0.001737,6.244879,0.879698
6.000000,12.700000,-2.156319,0.047949,-2.801577,-0.145585
-1.000000,12.700000,2.639522,0.002879,6.244879,0.879698
6.000000,12.716667,-2.174104,0.042918,-2.801577,-0.145585
-1.000000,12.716667,2.647818,0.004029,6.244879,0.879698
6.000000,12.733333,-2.191844,0.037907,-2.801577,-0.145585
-1.000000,12.733333,2.656114,0.005187,6.244879,0.879698
6.000000,12.750000,-2.209538,0.032918,-2.801577,-0.145585
-1.000000,12.750000,2.664409,0.006352,6.244879,0.879698
6.000000,12.766667,-2.227188,0.027951,-2.801577,-0.145585
-1.000000,12.766667,2.672705,0.007525,6.244879,0.879698
6.000000,12.783333,-2.244793,0.023008,-2.801577,-0.145585
-1.000000,12.783333,2.681001,0.008706,6.244879,0.879698
6.000000,12.800000,-2.262352,0.018092,-2.801577,-0.145585
-1.000000,12.800000,2.689299,0.009894,6.244879,0.879698
6.000000,12.816667,-2.279866,0.013203,-2.801577,-0.145585
-1.000000,12.816667,2.697598,0.011090,6.244879,0.879698
6.000000,12.833333,-2.297336,0.008344,-2.801577,-0.145585
-1.000000,12.833333,2.705899,0.012292,6.244879,0.879698
6.000000,12.850000,-2.314761,0.003515,-2.801577,-0.145585
-1.000000,12.850000,2.714201,0.013501,6.244879,0.879698
6.000000,12.866667,-2.332141,-0.001282,-2.801577,-0.145585
-1.000000,12.866667,2.722506,0.014717,6.244879,0.879698
6.000000,12.883333,-2.349477,-0.006046,-2.801577,-0.145585
-1.000000,12.883333,2.730812,0.015940,6.244879,0.879698
6.000000,12.900000,-2.366769,-0.010776,-2.801577,-0.145585
-1.000000,12.900000,2.739120,0.017168,6.244879,0.879698
6.000000,12.916667,-2.384016,-0.015471,-2.801577,-0.145585
-1.000000,12.916667,2.747429,0.018402,6.244879,0.879698
6.000000,12.933333,-2.401220,-0.020131,-2.801577,-0.145585
-1.000000,12.933333,2.755739,0.019642,6.244879,0.879698
6.000000,12.950000,-2.418379,-0.024754,-2.801577,-0.145585
-1.000000,12.950000,2.764049,0.020887,6.244879,0.879698
6.000000,12.966667,-2.435494,-0.029341,-2.801577,-0.145585
-1.000000,12.966667,2.772359,0.022136,6.244879,0.879698
6.000000,12.983333,-2.452564,-0.033892,-2.801577,-0.145585
-1.000000,12.983333,2.780670,0.023391,6.244879,0.879698
6.000000,13.000000,-2.469590,-0.038407,-2.801577,-0.145585
-1.000000,13.000000,2.788980,0.024650,6.244879,0.879698
6.000000,13.016667,-2.486570,-0.042885,-2.801577,-0.145585
-1.000000,13.016667,2.797291,0.025913,6.244879,0.879698
6.000000,13.033333,-2.503506,-0.047326,-2.801577,-0.145585
-1.000000,13.033333,2.805601,0.027181,6.244879,0.879698
6.000000,13.050000,-2.520396,-0.051731,-2.801577,-0.145585
-1.000000,13.050000,2.813910,0.028453,6.244879,0.879698
6.000000,13.066667,-2.537241,-0.056099,-2.801577,-0.145585
-1.000000,13.066667,2.822219,0.029729,6.244879,0.879698
6.000000,13.083333,-2.554041,-0.060431,-2.801577,-0.145585
-1.000000,13.083333,2.830528,0.031009,6.244879,0.879698
6.000000,13.100000,-2.570794,-0.064726,-2.801577,-0.145585
-1.000000,13.100000,2.838836,0.032292,6.244879,0.879698
6.000000,13.116667,-2.587500,-0.068986,-2.801577,-0.145585
-1.000000,13.116667,2.847144,0.033579,6.244879,0.879698
6.000000,13.133333,-2.604159,-0.073210,-2.801577,-0.145585
-1.000000,13.133333,2.855451,0.034869,6.244879,0.879698
6.000000,13.150000,-2.620771,-0.077399,-2.801577,-0.145585
-1.000000,13.150000,2.863758,0.036162,6.244879,0.879698
6.000000,13.166667,-2.637335,-0.081554,-2.801577,-0.145585
-1.000000,13.166667,2.872064,0.037458,6.244879,0.879698
6.000000,13.183333,-2.653850,-0.085674,-2.801577,-0.145585
-1.000000,13.183333,2.880370,0.038756,6.244879,0.879698
6.000000,13.200000,-2.670315,-0.089761,-2.801577,-0.145585
-1.000000,13.200000,2.888676,0.040058,6.244879,0.879698
6.000000,13.216667,-2.686731,-0.093814,-2.801577,-0.145585
-1.000000,13.216667,2.896981,0.041362,6.244879,0.879698
6.000000,13.233333,-2.703097,-0.097835,-2.801577,-0.145585
-1.000000,13.233333,2.905286,0.042669,6.244879,0.879698
6.000000,13.250000,-2.719412,-0.101825,-2.801577,-0.145585
-1.000000,13.250000,2.913591,0.043979,6.244879,0.879698
6.000000,13.266667,-2.735676,-0.105785,-2.801577,-0.145585
-1.000000,13.266667,2.921895,0.045292,6.244879,0.879698
6.000000,13.283333,-2.751888,-0.109715,-2.801577,-0.145585
-1.000000,13.283333,2.930200,0.046608,6.244879,0.879698
6.000000,13.300000,-2.768048,-0.113617,-2.801577,-0.145585
-1.000000,13.300000,2.938504,0.047926,6.244879,0.879698
6.000000,13.316667,-2.784156,-0.117493,-2.801577,-0.145585
-1.000000,13.316667,2.946808,0.049246,6.244879,0.879698
